-- audit_log
IF OBJECT_ID(N'dbo.audit_log', N'U') IS NOT NULL
BEGIN
  IF EXISTS (SELECT 1 FROM sys.identity_columns WHERE object_id = OBJECT_ID(N'dbo.audit_log')) EXEC('SET IDENTITY_INSERT dbo.audit_log ON');
  INSERT INTO dbo.[audit_log] ([audit_id], [user_id], [action], [resource], [record_id], [old_value], [new_value], [requires_approval], [approval_status], [approved_by], [approved_at], [ip_address], [timestamp], [notes]) VALUES
(1, 1, N'UPDATE', N'users', 20, N'{"is_approved": false}', N'{"is_approved": true}', 0, N'N/A', NULL, NULL, N'192.168.1.26', N'2022-06-02 06:33:10', N'Contracted staff account approved by admin'),
(2, 1, N'UPDATE', N'users', 17, N'{"is_approved": false}', N'{"is_approved": true}', 0, N'N/A', NULL, NULL, N'192.168.1.132', N'2022-06-22 11:07:12', N'Contracted staff account approved by admin'),
(3, 1, N'UPDATE', N'users', 19, N'{"is_approved": false}', N'{"is_approved": true}', 0, N'N/A', NULL, NULL, N'192.168.4.237', N'2022-11-07 08:35:16', N'Contracted staff account approved by admin'),
(4, 1, N'UPDATE', N'users', 18, N'{"is_approved": false}', N'{"is_approved": true}', 0, N'N/A', NULL, NULL, N'192.168.5.27', N'2022-11-21 08:18:06', N'Contracted staff account approved by admin'),
(5, 5, N'UPDATE', N'residents', 37, N'{"case_status": "On Hold"}', N'{"case_status": "Closed"}', 1, N'Approved', 15, N'2026-03-25 21:08:34', N'192.168.5.176', N'2023-01-02 11:42:28', NULL),
(6, 3, N'INSERT', N'process_recordings', 2182, NULL, NULL, 0, N'N/A', NULL, NULL, N'192.168.1.19', N'2023-01-02 14:01:43', NULL),
(7, 8, N'UPDATE', N'residents', 42, N'{"reintegration_status": "Completed"}', N'{"reintegration_status": "On Hold"}', 1, N'Approved', 15, N'2024-11-12 03:48:25', N'192.168.1.180', N'2023-01-02 18:48:49', NULL),
(8, 2, N'INSERT', N'incident_reports', 6, NULL, NULL, 0, N'N/A', NULL, NULL, N'192.168.5.196', N'2023-01-02 18:50:36', NULL),
(9, 13, N'INSERT', N'home_visitations', 1042, NULL, NULL, 0, N'N/A', NULL, NULL, N'192.168.3.233', N'2023-01-16 02:31:26', NULL),
(10, 18, N'INSERT', N'process_recordings', 658, NULL, NULL, 0, N'N/A', NULL, NULL, N'192.168.5.57', N'2023-01-21 08:27:34', NULL),
(11, 17, N'INSERT', N'process_recordings', 952, NULL, NULL, 0, N'N/A', NULL, NULL, N'192.168.4.211', N'2023-01-26 01:41:35', NULL),
(12, 10, N'INSERT', N'incident_reports', 21, NULL, NULL, 0, N'N/A', NULL, NULL, N'192.168.4.71', N'2023-01-26 17:59:19', NULL),
(13, 10, N'LOGOUT', N'users', 10, NULL, NULL, 0, N'N/A', NULL, NULL, N'192.168.4.235', N'2023-01-27 16:08:05', NULL),
(14, 15, N'LOGOUT', N'users', 15, NULL, NULL, 0, N'N/A', NULL, NULL, N'192.168.5.125', N'2023-01-29 10:19:49', NULL),
(15, 15, N'LOGOUT', N'users', 15, NULL, NULL, 0, N'N/A', NULL, NULL, N'192.168.5.20', N'2023-02-01 17:45:22', NULL),
(16, 7, N'INSERT', N'home_visitations', 1308, NULL, NULL, 0, N'N/A', NULL, NULL, N'192.168.2.100', N'2023-02-01 18:02:25', NULL),
(17, 13, N'INSERT', N'education_records', 108, NULL, NULL, 0, N'N/A', NULL, NULL, N'192.168.2.171', N'2023-02-10 02:36:31', NULL),
(18, 16, N'UPDATE', N'residents', 12, N'{"current_risk_level": "High"}', N'{"current_risk_level": "Medium"}', 1, N'Approved', 16, N'2023-07-27 13:35:14', N'192.168.1.107', N'2023-02-13 17:26:52', NULL),
(19, 12, N'INSERT', N'health_records', 323, NULL, NULL, 0, N'N/A', NULL, NULL, N'192.168.2.232', N'2023-02-15 23:25:27', NULL),
(20, 5, N'INSERT', N'health_records', 192, NULL, NULL, 0, N'N/A', NULL, NULL, N'192.168.1.209', N'2023-02-25 16:31:40', NULL),
(21, 13, N'INSERT', N'education_records', 26, NULL, NULL, 0, N'N/A', NULL, NULL, N'192.168.2.54', N'2023-02-27 17:18:45', NULL),
(22, 17, N'INSERT', N'home_visitations', 1007, NULL, NULL, 0, N'N/A', NULL, NULL, N'192.168.4.29', N'2023-03-01 20:49:39', NULL),
(23, 1, N'VIEW', N'incident_reports', 85, NULL, NULL, 0, N'N/A', NULL, NULL, N'192.168.3.15', N'2023-03-10 11:04:57', NULL),
(24, 15, N'INSERT', N'incident_reports', 57, NULL, NULL, 0, N'N/A', NULL, NULL, N'192.168.1.37', N'2023-03-11 17:53:36', NULL),
(25, 6, N'LOGIN', N'users', 6, NULL, NULL, 0, N'N/A', NULL, NULL, N'192.168.2.172', N'2023-03-20 11:33:14', NULL),
(26, 4, N'UPDATE', N'residents', 3, N'{"reintegration_status": "Completed"}', N'{"reintegration_status": "On Hold"}', 1, N'Approved', 15, N'2025-10-10 01:01:00', N'192.168.2.18', N'2023-03-20 23:21:10', NULL),
(27, 1, N'UPDATE', N'residents', 19, N'{"reintegration_status": "On Hold"}', N'{"reintegration_status": "Completed"}', 1, N'Pending', NULL, NULL, N'192.168.1.73', N'2023-04-04 01:16:35', NULL),
(28, 16, N'VIEW', N'process_recordings', 2611, NULL, NULL, 0, N'N/A', NULL, NULL, N'192.168.4.214', N'2023-04-16 22:08:57', NULL),
(29, 14, N'INSERT', N'process_recordings', 893, NULL, NULL, 0, N'N/A', NULL, NULL, N'192.168.4.82', N'2023-04-26 19:42:42', NULL),
(30, 6, N'VIEW', N'incident_reports', 11, NULL, NULL, 0, N'N/A', NULL, NULL, N'192.168.4.140', N'2023-05-04 23:17:23', NULL),
(31, 9, N'LOGIN', N'users', 9, NULL, NULL, 0, N'N/A', NULL, NULL, N'192.168.5.83', N'2023-05-14 19:31:30', NULL),
(32, 11, N'LOGIN', N'users', 11, NULL, NULL, 0, N'N/A', NULL, NULL, N'192.168.3.198', N'2023-05-24 14:00:54', NULL),
(33, 16, N'INSERT', N'incident_reports', 16, NULL, NULL, 0, N'N/A', NULL, NULL, N'192.168.3.79', N'2023-05-26 08:29:30', NULL),
(34, 11, N'LOGOUT', N'users', 11, NULL, NULL, 0, N'N/A', NULL, NULL, N'192.168.5.119', N'2023-05-28 11:01:40', NULL),
(35, 7, N'INSERT', N'education_records', 403, NULL, NULL, 0, N'N/A', NULL, NULL, N'192.168.4.29', N'2023-05-29 11:22:19', NULL),
(36, 1, N'UPDATE', N'intervention_plans', 84, N'{"status": "In Progress"}', N'{"status": "Completed"}', 1, N'Pending', NULL, NULL, N'192.168.1.231', N'2023-05-29 20:30:38', NULL),
(37, 7, N'LOGIN', N'users', 7, NULL, NULL, 0, N'N/A', NULL, NULL, N'192.168.2.202', N'2023-05-30 18:48:53', NULL),
(38, 7, N'VIEW', N'process_recordings', 1697, NULL, NULL, 0, N'N/A', NULL, NULL, N'192.168.2.177', N'2023-06-04 13:48:06', NULL),
(39, 3, N'LOGIN', N'users', 3, NULL, NULL, 0, N'N/A', NULL, NULL, N'192.168.2.36', N'2023-06-10 04:22:01', NULL),
(40, 10, N'VIEW', N'incident_reports', 71, NULL, NULL, 0, N'N/A', NULL, NULL, N'192.168.5.173', N'2023-06-14 22:28:28', NULL),
(41, 5, N'INSERT', N'education_records', 127, NULL, NULL, 0, N'N/A', NULL, NULL, N'192.168.3.208', N'2023-06-16 03:13:57', NULL),
(42, 15, N'INSERT', N'incident_reports', 66, NULL, NULL, 0, N'N/A', NULL, NULL, N'192.168.4.82', N'2023-06-17 12:32:48', NULL),
(43, 1, N'UPDATE', N'intervention_plans', 154, N'{"status": "Cancelled"}', N'{"status": "In Progress"}', 1, N'Approved', 15, N'2024-10-24 05:31:20', N'192.168.1.44', N'2023-06-18 22:25:34', NULL),
(44, 3, N'LOGOUT', N'users', 3, NULL, NULL, 0, N'N/A', NULL, NULL, N'192.168.5.53', N'2023-06-19 18:35:51', NULL),
(45, 16, N'UPDATE', N'residents', 34, N'{"current_risk_level": "Critical"}', N'{"current_risk_level": "Low"}', 1, N'Approved', 15, N'2024-01-19 20:57:46', N'192.168.2.238', N'2023-06-23 02:26:54', NULL),
(46, 12, N'INSERT', N'process_recordings', 2780, NULL, NULL, 0, N'N/A', NULL, NULL, N'192.168.1.214', N'2023-07-06 14:45:02', NULL),
(47, 1, N'INSERT', N'process_recordings', 2038, NULL, NULL, 0, N'N/A', NULL, NULL, N'192.168.5.122', N'2023-07-08 23:09:26', NULL),
(48, 15, N'INSERT', N'health_records', 99, NULL, NULL, 0, N'N/A', NULL, NULL, N'192.168.3.44', N'2023-07-10 03:35:32', NULL),
(49, 4, N'VIEW', N'incident_reports', 31, NULL, NULL, 0, N'N/A', NULL, NULL, N'192.168.1.131', N'2023-07-12 14:24:54', NULL),
(50, 15, N'VIEW', N'process_recordings', 827, NULL, NULL, 0, N'N/A', NULL, NULL, N'192.168.2.186', N'2023-07-29 15:00:56', NULL),
(51, 4, N'INSERT', N'education_records', 525, NULL, NULL, 0, N'N/A', NULL, NULL, N'192.168.5.8', N'2023-08-02 14:01:26', NULL),
(52, 6, N'INSERT', N'process_recordings', 1237, NULL, NULL, 0, N'N/A', NULL, NULL, N'192.168.4.179', N'2023-08-03 05:53:58', NULL),
(53, 11, N'VIEW', N'incident_reports', 76, NULL, NULL, 0, N'N/A', NULL, NULL, N'192.168.2.74', N'2023-08-12 12:16:26', NULL),
(54, 14, N'INSERT', N'process_recordings', 1099, NULL, NULL, 0, N'N/A', NULL, NULL, N'192.168.4.76', N'2023-08-15 08:07:13', NULL),
(55, 4, N'LOGIN', N'users', 4, NULL, NULL, 0, N'N/A', NULL, NULL, N'192.168.1.115', N'2023-08-16 01:04:46', NULL),
(56, 8, N'VIEW', N'incident_reports', 84, NULL, NULL, 0, N'N/A', NULL, NULL, N'192.168.1.35', N'2023-08-18 12:04:47', NULL),
(57, 9, N'VIEW', N'process_recordings', 1962, NULL, NULL, 0, N'N/A', NULL, NULL, N'192.168.5.207', N'2023-08-20 03:20:54', NULL),
(58, 17, N'INSERT', N'process_recordings', 2341, NULL, NULL, 0, N'N/A', NULL, NULL, N'192.168.5.192', N'2023-08-27 01:13:48', NULL),
(59, 7, N'INSERT', N'incident_reports', 73, NULL, NULL, 0, N'N/A', NULL, NULL, N'192.168.1.246', N'2023-09-03 05:03:12', NULL),
(60, 12, N'LOGOUT', N'users', 12, NULL, NULL, 0, N'N/A', NULL, NULL, N'192.168.3.172', N'2023-09-03 14:26:23', NULL),
(61, 11, N'UPDATE', N'intervention_plans', 82, N'{"status": "Cancelled"}', N'{"status": "In Progress"}', 1, N'Approved', 15, N'2024-02-21 02:05:58', N'192.168.1.90', N'2023-09-04 22:27:37', NULL),
(62, 7, N'UPDATE', N'residents', 36, N'{"current_risk_level": "Medium"}', N'{"current_risk_level": "High"}', 1, N'Approved', 16, N'2025-05-14 00:56:44', N'192.168.3.166', N'2023-09-05 11:25:23', NULL),
(63, 5, N'LOGIN', N'users', 5, NULL, NULL, 0, N'N/A', NULL, NULL, N'192.168.3.16', N'2023-09-08 00:31:50', NULL),
(64, 3, N'LOGOUT', N'users', 3, NULL, NULL, 0, N'N/A', NULL, NULL, N'192.168.1.244', N'2023-09-14 20:37:56', NULL),
(65, 16, N'LOGOUT', N'users', 16, NULL, NULL, 0, N'N/A', NULL, NULL, N'192.168.4.100', N'2023-09-21 09:25:02', NULL),
(66, 17, N'INSERT', N'incident_reports', 5, NULL, NULL, 0, N'N/A', NULL, NULL, N'192.168.5.39', N'2023-09-24 14:27:47', NULL),
(67, 2, N'INSERT', N'incident_reports', 13, NULL, NULL, 0, N'N/A', NULL, NULL, N'192.168.5.211', N'2023-09-27 06:48:01', NULL),
(68, 6, N'VIEW', N'process_recordings', 1022, NULL, NULL, 0, N'N/A', NULL, NULL, N'192.168.1.155', N'2023-09-29 23:08:21', NULL),
(69, 6, N'UPDATE', N'intervention_plans', 80, N'{"status": "On Hold"}', N'{"status": "Completed"}', 1, N'Approved', 16, N'2025-07-23 04:24:27', N'192.168.3.64', N'2023-10-01 10:21:23', NULL),
(70, 8, N'INSERT', N'home_visitations', 957, NULL, NULL, 0, N'N/A', NULL, NULL, N'192.168.5.202', N'2023-10-04 07:49:15', NULL),
(71, 2, N'INSERT', N'education_records', 139, NULL, NULL, 0, N'N/A', NULL, NULL, N'192.168.3.119', N'2023-10-12 18:44:52', NULL),
(72, 16, N'LOGIN', N'users', 16, NULL, NULL, 0, N'N/A', NULL, NULL, N'192.168.1.21', N'2023-10-25 18:38:39', NULL),
(73, 9, N'INSERT', N'process_recordings', 1468, NULL, NULL, 0, N'N/A', NULL, NULL, N'192.168.1.251', N'2023-11-11 23:58:47', NULL),
(74, 1, N'INSERT', N'health_records', 434, NULL, NULL, 0, N'N/A', NULL, NULL, N'192.168.1.243', N'2023-11-16 22:15:58', NULL),
(75, 5, N'LOGIN', N'users', 5, NULL, NULL, 0, N'N/A', NULL, NULL, N'192.168.1.42', N'2023-11-23 02:51:04', NULL),
(76, 20, N'LOGOUT', N'users', 20, NULL, NULL, 0, N'N/A', NULL, NULL, N'192.168.5.121', N'2023-12-07 10:50:49', NULL),
(77, 11, N'VIEW', N'incident_reports', 56, NULL, NULL, 0, N'N/A', NULL, NULL, N'192.168.3.67', N'2023-12-16 16:49:26', NULL),
(78, 13, N'INSERT', N'incident_reports', 2, NULL, NULL, 0, N'N/A', NULL, NULL, N'192.168.5.157', N'2023-12-20 20:18:27', NULL),
(79, 1, N'LOGOUT', N'users', 1, NULL, NULL, 0, N'N/A', NULL, NULL, N'192.168.1.171', N'2024-01-08 16:20:22', NULL),
(80, 9, N'LOGIN', N'users', 9, NULL, NULL, 0, N'N/A', NULL, NULL, N'192.168.2.211', N'2024-01-09 14:14:53', NULL),
(81, 14, N'INSERT', N'process_recordings', 1872, NULL, NULL, 0, N'N/A', NULL, NULL, N'192.168.4.104', N'2024-01-31 14:43:11', NULL),
(82, 17, N'LOGOUT', N'users', 17, NULL, NULL, 0, N'N/A', NULL, NULL, N'192.168.4.249', N'2024-01-31 23:39:41', NULL),
(83, 9, N'LOGOUT', N'users', 9, NULL, NULL, 0, N'N/A', NULL, NULL, N'192.168.2.139', N'2024-02-01 06:50:58', NULL),
(84, 14, N'UPDATE', N'intervention_plans', 75, N'{"status": "In Progress"}', N'{"status": "Cancelled"}', 1, N'Approved', 16, N'2025-08-11 00:26:51', N'192.168.1.233', N'2024-02-03 20:47:17', NULL),
(85, 3, N'UPDATE', N'residents', 24, N'{"current_risk_level": "Low"}', N'{"current_risk_level": "High"}', 1, N'Approved', 16, N'2025-09-04 16:57:52', N'192.168.5.181', N'2024-02-17 01:51:20', NULL),
(86, 4, N'INSERT', N'education_records', 167, NULL, NULL, 0, N'N/A', NULL, NULL, N'192.168.5.235', N'2024-02-23 08:54:22', NULL),
(87, 9, N'INSERT', N'education_records', 16, NULL, NULL, 0, N'N/A', NULL, NULL, N'192.168.2.75', N'2024-02-23 13:03:37', NULL),
(88, 10, N'INSERT', N'home_visitations', 415, NULL, NULL, 0, N'N/A', NULL, NULL, N'192.168.3.88', N'2024-02-29 05:42:43', NULL),
(89, 10, N'INSERT', N'education_records', 431, NULL, NULL, 0, N'N/A', NULL, NULL, N'192.168.1.116', N'2024-03-03 07:09:04', NULL),
(90, 1, N'VIEW', N'incident_reports', 24, NULL, NULL, 0, N'N/A', NULL, NULL, N'192.168.5.242', N'2024-03-05 12:13:43', NULL),
(91, 19, N'LOGOUT', N'users', 19, NULL, NULL, 0, N'N/A', NULL, NULL, N'192.168.3.45', N'2024-03-09 12:09:50', NULL),
(92, 9, N'INSERT', N'education_records', 480, NULL, NULL, 0, N'N/A', NULL, NULL, N'192.168.5.24', N'2024-03-10 15:39:37', NULL),
(93, 2, N'VIEW', N'incident_reports', 31, NULL, NULL, 0, N'N/A', NULL, NULL, N'192.168.2.13', N'2024-03-12 00:00:28', NULL),
(94, 11, N'LOGOUT', N'users', 11, NULL, NULL, 0, N'N/A', NULL, NULL, N'192.168.3.194', N'2024-03-12 14:28:01', NULL),
(95, 12, N'UPDATE', N'residents', 12, N'{"case_status": "Closed"}', N'{"case_status": "On Hold"}', 1, N'Pending', NULL, NULL, N'192.168.1.31', N'2024-03-13 21:49:42', NULL),
(96, 15, N'VIEW', N'incident_reports', 59, NULL, NULL, 0, N'N/A', NULL, NULL, N'192.168.4.25', N'2024-03-15 04:24:11', NULL),
(97, 20, N'LOGIN', N'users', 20, NULL, NULL, 0, N'N/A', NULL, NULL, N'192.168.4.131', N'2024-03-17 11:15:11', NULL),
(98, 7, N'UPDATE', N'intervention_plans', 16, N'{"status": "Completed"}', N'{"status": "Cancelled"}', 1, N'Approved', 16, N'2024-06-29 19:11:45', N'192.168.1.188', N'2024-03-18 01:21:57', NULL),
(99, 15, N'UPDATE', N'residents', 43, N'{"case_status": "Closed"}', N'{"case_status": "On Hold"}', 1, N'Approved', 15, N'2024-04-27 05:48:43', N'192.168.2.238', N'2024-04-01 16:13:25', NULL),
(100, 9, N'UPDATE', N'residents', 25, N'{"current_risk_level": "Critical"}', N'{"current_risk_level": "Low"}', 1, N'Approved', 16, N'2024-09-14 08:11:10', N'192.168.4.155', N'2024-04-12 09:05:27', NULL),
(101, 13, N'INSERT', N'process_recordings', 1532, NULL, NULL, 0, N'N/A', NULL, NULL, N'192.168.5.195', N'2024-04-15 15:42:55', NULL),
(102, 7, N'INSERT', N'health_records', 285, NULL, NULL, 0, N'N/A', NULL, NULL, N'192.168.3.243', N'2024-04-17 18:41:45', NULL),
(103, 6, N'VIEW', N'incident_reports', 56, NULL, NULL, 0, N'N/A', NULL, NULL, N'192.168.4.158', N'2024-04-21 19:29:41', NULL),
(104, 10, N'INSERT', N'incident_reports', 14, NULL, NULL, 0, N'N/A', NULL, NULL, N'192.168.1.7', N'2024-05-10 21:45:12', NULL),
(105, 19, N'LOGOUT', N'users', 19, NULL, NULL, 0, N'N/A', NULL, NULL, N'192.168.3.121', N'2024-05-15 22:34:20', NULL),
(106, 6, N'VIEW', N'process_recordings', 1001, NULL, NULL, 0, N'N/A', NULL, NULL, N'192.168.1.103', N'2024-05-16 22:21:15', NULL),
(107, 9, N'UPDATE', N'residents', 38, N'{"current_risk_level": "Critical"}', N'{"current_risk_level": "High"}', 1, N'Approved', 15, N'2024-07-25 22:24:06', N'192.168.5.161', N'2024-05-21 10:57:40', NULL),
(108, 12, N'INSERT', N'incident_reports', 56, NULL, NULL, 0, N'N/A', NULL, NULL, N'192.168.2.208', N'2024-05-27 13:09:40', NULL),
(109, 6, N'UPDATE', N'intervention_plans', 135, N'{"status": "On Hold"}', N'{"status": "Cancelled"}', 1, N'Pending', NULL, NULL, N'192.168.5.252', N'2024-06-03 06:12:53', NULL),
(110, 5, N'INSERT', N'home_visitations', 1040, NULL, NULL, 0, N'N/A', NULL, NULL, N'192.168.1.177', N'2024-06-24 23:28:31', NULL),
(111, 5, N'INSERT', N'incident_reports', 9, NULL, NULL, 0, N'N/A', NULL, NULL, N'192.168.1.123', N'2024-07-02 02:21:39', NULL),
(112, 11, N'INSERT', N'home_visitations', 268, NULL, NULL, 0, N'N/A', NULL, NULL, N'192.168.5.95', N'2024-07-02 17:55:32', NULL),
(113, 2, N'INSERT', N'incident_reports', 23, NULL, NULL, 0, N'N/A', NULL, NULL, N'192.168.5.225', N'2024-07-04 08:53:30', NULL),
(114, 1, N'LOGIN', N'users', 1, NULL, NULL, 0, N'N/A', NULL, NULL, N'192.168.4.120', N'2024-07-10 18:42:19', NULL),
(115, 10, N'VIEW', N'incident_reports', 99, NULL, NULL, 0, N'N/A', NULL, NULL, N'192.168.3.131', N'2024-07-11 11:36:43', NULL),
(116, 13, N'INSERT', N'health_records', 79, NULL, NULL, 0, N'N/A', NULL, NULL, N'192.168.2.131', N'2024-07-17 10:31:14', NULL),
(117, 16, N'VIEW', N'process_recordings', 1354, NULL, NULL, 0, N'N/A', NULL, NULL, N'192.168.5.72', N'2024-07-18 06:08:59', NULL),
(118, 13, N'VIEW', N'incident_reports', 43, NULL, NULL, 0, N'N/A', NULL, NULL, N'192.168.2.159', N'2024-07-21 06:50:12', NULL),
(119, 2, N'INSERT', N'health_records', 175, NULL, NULL, 0, N'N/A', NULL, NULL, N'192.168.1.250', N'2024-07-21 17:35:45', NULL),
(120, 2, N'INSERT', N'health_records', 89, NULL, NULL, 0, N'N/A', NULL, NULL, N'192.168.5.49', N'2024-07-22 17:06:14', NULL),
(121, 15, N'UPDATE', N'intervention_plans', 14, N'{"status": "On Hold"}', N'{"status": "Completed"}', 1, N'Approved', 15, N'2024-09-17 07:36:02', N'192.168.1.52', N'2024-07-23 19:25:58', NULL),
(122, 13, N'LOGIN', N'users', 13, NULL, NULL, 0, N'N/A', NULL, NULL, N'192.168.3.154', N'2024-08-02 17:02:41', NULL),
(123, 1, N'LOGIN', N'users', 1, NULL, NULL, 0, N'N/A', NULL, NULL, N'192.168.2.10', N'2024-08-06 21:38:47', NULL),
(124, 12, N'UPDATE', N'intervention_plans', 167, N'{"status": "In Progress"}', N'{"status": "On Hold"}', 1, N'Pending', NULL, NULL, N'192.168.1.71', N'2024-08-15 17:04:20', NULL),
(125, 2, N'INSERT', N'incident_reports', 7, NULL, NULL, 0, N'N/A', NULL, NULL, N'192.168.4.42', N'2024-08-17 06:54:24', NULL),
(126, 10, N'INSERT', N'incident_reports', 7, NULL, NULL, 0, N'N/A', NULL, NULL, N'192.168.4.10', N'2024-08-17 23:45:11', NULL),
(127, 13, N'LOGOUT', N'users', 13, NULL, NULL, 0, N'N/A', NULL, NULL, N'192.168.1.243', N'2024-08-20 00:47:09', NULL),
(128, 4, N'VIEW', N'incident_reports', 42, NULL, NULL, 0, N'N/A', NULL, NULL, N'192.168.3.215', N'2024-08-21 08:13:28', NULL),
(129, 7, N'LOGOUT', N'users', 7, NULL, NULL, 0, N'N/A', NULL, NULL, N'192.168.2.85', N'2024-08-26 14:18:49', NULL),
(130, 16, N'UPDATE', N'intervention_plans', 76, N'{"status": "In Progress"}', N'{"status": "Completed"}', 1, N'Approved', 15, N'2026-03-09 05:02:11', N'192.168.4.224', N'2024-08-27 06:17:15', NULL),
(131, 15, N'LOGIN', N'users', 15, NULL, NULL, 0, N'N/A', NULL, NULL, N'192.168.4.27', N'2024-08-29 05:53:43', NULL),
(132, 1, N'INSERT', N'education_records', 447, NULL, NULL, 0, N'N/A', NULL, NULL, N'192.168.4.55', N'2024-09-06 20:45:22', NULL),
(133, 4, N'VIEW', N'process_recordings', 2566, NULL, NULL, 0, N'N/A', NULL, NULL, N'192.168.3.134', N'2024-09-07 22:23:47', NULL),
(134, 15, N'VIEW', N'process_recordings', 2626, NULL, NULL, 0, N'N/A', NULL, NULL, N'192.168.4.215', N'2024-09-14 12:53:07', NULL),
(135, 9, N'UPDATE', N'residents', 28, N'{"current_risk_level": "High"}', N'{"current_risk_level": "Low"}', 1, N'Pending', NULL, NULL, N'192.168.4.12', N'2024-09-18 19:09:23', NULL),
(136, 17, N'LOGIN', N'users', 17, NULL, NULL, 0, N'N/A', NULL, NULL, N'192.168.5.243', N'2024-09-19 16:53:46', NULL),
(137, 16, N'INSERT', N'health_records', 186, NULL, NULL, 0, N'N/A', NULL, NULL, N'192.168.4.124', N'2024-09-27 14:19:07', NULL),
(138, 16, N'INSERT', N'health_records', 460, NULL, NULL, 0, N'N/A', NULL, NULL, N'192.168.4.186', N'2024-09-29 10:18:14', NULL),
(139, 17, N'LOGOUT', N'users', 17, NULL, NULL, 0, N'N/A', NULL, NULL, N'192.168.4.225', N'2024-10-18 03:08:14', NULL),
(140, 2, N'INSERT', N'home_visitations', 325, NULL, NULL, 0, N'N/A', NULL, NULL, N'192.168.4.35', N'2024-10-19 05:23:00', NULL),
(141, 16, N'LOGIN', N'users', 16, NULL, NULL, 0, N'N/A', NULL, NULL, N'192.168.1.24', N'2024-10-21 06:55:58', NULL),
(142, 5, N'LOGIN', N'users', 5, NULL, NULL, 0, N'N/A', NULL, NULL, N'192.168.1.122', N'2024-10-24 10:04:44', NULL),
(143, 12, N'LOGOUT', N'users', 12, NULL, NULL, 0, N'N/A', NULL, NULL, N'192.168.1.66', N'2024-11-03 08:10:13', NULL),
(144, 7, N'LOGOUT', N'users', 7, NULL, NULL, 0, N'N/A', NULL, NULL, N'192.168.5.181', N'2024-11-10 20:26:17', NULL),
(145, 4, N'INSERT', N'process_recordings', 1233, NULL, NULL, 0, N'N/A', NULL, NULL, N'192.168.3.25', N'2024-11-13 21:53:25', NULL),
(146, 4, N'UPDATE', N'residents', 23, N'{"case_status": "Closed"}', N'{"case_status": "On Hold"}', 1, N'Pending', NULL, NULL, N'192.168.5.36', N'2024-11-26 04:38:21', NULL),
(147, 16, N'VIEW', N'process_recordings', 1324, NULL, NULL, 0, N'N/A', NULL, NULL, N'192.168.2.72', N'2024-11-30 15:54:44', NULL),
(148, 15, N'INSERT', N'incident_reports', 53, NULL, NULL, 0, N'N/A', NULL, NULL, N'192.168.1.140', N'2024-12-02 14:43:33', NULL),
(149, 10, N'LOGIN', N'users', 10, NULL, NULL, 0, N'N/A', NULL, NULL, N'192.168.5.189', N'2024-12-05 23:02:56', NULL),
(150, 7, N'VIEW', N'process_recordings', 1980, NULL, NULL, 0, N'N/A', NULL, NULL, N'192.168.1.233', N'2024-12-17 06:09:29', NULL),
(151, 11, N'UPDATE', N'intervention_plans', 152, N'{"status": "On Hold"}', N'{"status": "In Progress"}', 1, N'Approved', 15, N'2025-09-18 18:53:59', N'192.168.1.254', N'2024-12-21 04:56:58', NULL),
(152, 1, N'VIEW', N'process_recordings', 1367, NULL, NULL, 0, N'N/A', NULL, NULL, N'192.168.2.197', N'2024-12-26 04:10:06', NULL),
(153, 14, N'INSERT', N'education_records', 99, NULL, NULL, 0, N'N/A', NULL, NULL, N'192.168.5.245', N'2024-12-28 20:04:12', NULL),
(154, 2, N'INSERT', N'home_visitations', 1267, NULL, NULL, 0, N'N/A', NULL, NULL, N'192.168.4.224', N'2025-01-03 14:14:17', NULL),
(155, 2, N'INSERT', N'home_visitations', 221, NULL, NULL, 0, N'N/A', NULL, NULL, N'192.168.1.199', N'2025-01-05 08:36:30', NULL),
(156, 6, N'UPDATE', N'residents', 1, N'{"case_status": "Closed"}', N'{"case_status": "On Hold"}', 1, N'Pending', NULL, NULL, N'192.168.1.34', N'2025-01-06 18:55:32', NULL),
(157, 11, N'INSERT', N'health_records', 270, NULL, NULL, 0, N'N/A', NULL, NULL, N'192.168.3.241', N'2025-01-10 09:47:59', NULL),
(158, 1, N'LOGIN', N'users', 1, NULL, NULL, 0, N'N/A', NULL, NULL, N'192.168.2.195', N'2025-01-17 20:45:38', NULL),
(159, 3, N'LOGIN', N'users', 3, NULL, NULL, 0, N'N/A', NULL, NULL, N'192.168.2.139', N'2025-01-18 04:53:10', NULL),
(160, 13, N'LOGIN', N'users', 13, NULL, NULL, 0, N'N/A', NULL, NULL, N'192.168.5.178', N'2025-01-28 13:52:43', NULL),
(161, 6, N'VIEW', N'incident_reports', 14, NULL, NULL, 0, N'N/A', NULL, NULL, N'192.168.3.186', N'2025-01-30 03:05:09', NULL),
(162, 5, N'LOGIN', N'users', 5, NULL, NULL, 0, N'N/A', NULL, NULL, N'192.168.5.76', N'2025-02-04 13:22:16', NULL),
(163, 5, N'INSERT', N'education_records', 246, NULL, NULL, 0, N'N/A', NULL, NULL, N'192.168.5.39', N'2025-02-08 16:15:22', NULL),
(164, 9, N'LOGIN', N'users', 9, NULL, NULL, 0, N'N/A', NULL, NULL, N'192.168.2.203', N'2025-02-11 07:05:52', NULL),
(165, 4, N'INSERT', N'incident_reports', 33, NULL, NULL, 0, N'N/A', NULL, NULL, N'192.168.3.108', N'2025-02-12 12:43:50', NULL),
(166, 10, N'UPDATE', N'residents', 33, N'{"reintegration_status": "Completed"}', N'{"reintegration_status": "On Hold"}', 1, N'Approved', 16, N'2025-10-23 10:11:25', N'192.168.3.72', N'2025-02-14 21:09:48', NULL),
(167, 16, N'INSERT', N'health_records', 240, NULL, NULL, 0, N'N/A', NULL, NULL, N'192.168.3.207', N'2025-02-27 06:37:05', NULL),
(168, 10, N'INSERT', N'education_records', 118, NULL, NULL, 0, N'N/A', NULL, NULL, N'192.168.3.247', N'2025-03-21 08:47:49', NULL),
(169, 3, N'INSERT', N'education_records', 346, NULL, NULL, 0, N'N/A', NULL, NULL, N'192.168.5.188', N'2025-03-21 21:04:27', NULL),
(170, 8, N'VIEW', N'process_recordings', 1753, NULL, NULL, 0, N'N/A', NULL, NULL, N'192.168.5.163', N'2025-03-24 23:23:58', NULL),
(171, 5, N'LOGOUT', N'users', 5, NULL, NULL, 0, N'N/A', NULL, NULL, N'192.168.4.75', N'2025-03-29 08:22:01', NULL),
(172, 6, N'INSERT', N'incident_reports', 18, NULL, NULL, 0, N'N/A', NULL, NULL, N'192.168.5.128', N'2025-03-30 18:19:52', NULL),
(173, 15, N'VIEW', N'process_recordings', 1635, NULL, NULL, 0, N'N/A', NULL, NULL, N'192.168.4.254', N'2025-04-01 13:11:24', NULL),
(174, 13, N'LOGOUT', N'users', 13, NULL, NULL, 0, N'N/A', NULL, NULL, N'192.168.1.111', N'2025-04-08 03:57:31', NULL),
(175, 3, N'LOGOUT', N'users', 3, NULL, NULL, 0, N'N/A', NULL, NULL, N'192.168.1.70', N'2025-04-15 17:07:01', NULL),
(176, 20, N'LOGIN', N'users', 20, NULL, NULL, 0, N'N/A', NULL, NULL, N'192.168.3.74', N'2025-04-20 08:14:50', NULL),
(177, 4, N'LOGOUT', N'users', 4, NULL, NULL, 0, N'N/A', NULL, NULL, N'192.168.3.122', N'2025-04-21 16:52:51', NULL),
(178, 15, N'INSERT', N'health_records', 491, NULL, NULL, 0, N'N/A', NULL, NULL, N'192.168.2.30', N'2025-04-26 15:25:37', NULL),
(179, 2, N'VIEW', N'process_recordings', 2769, NULL, NULL, 0, N'N/A', NULL, NULL, N'192.168.4.109', N'2025-05-04 14:56:24', NULL),
(180, 3, N'LOGIN', N'users', 3, NULL, NULL, 0, N'N/A', NULL, NULL, N'192.168.4.131', N'2025-05-05 09:35:04', NULL),
(181, 11, N'LOGIN', N'users', 11, NULL, NULL, 0, N'N/A', NULL, NULL, N'192.168.3.137', N'2025-05-05 22:18:27', NULL),
(182, 15, N'LOGOUT', N'users', 15, NULL, NULL, 0, N'N/A', NULL, NULL, N'192.168.1.90', N'2025-05-07 14:03:54', NULL),
(183, 4, N'LOGIN', N'users', 4, NULL, NULL, 0, N'N/A', NULL, NULL, N'192.168.5.61', N'2025-05-16 15:49:22', NULL),
(184, 14, N'INSERT', N'home_visitations', 277, NULL, NULL, 0, N'N/A', NULL, NULL, N'192.168.2.152', N'2025-05-18 13:07:40', NULL),
(185, 2, N'INSERT', N'health_records', 169, NULL, NULL, 0, N'N/A', NULL, NULL, N'192.168.2.213', N'2025-05-20 03:14:11', NULL),
(186, 5, N'UPDATE', N'intervention_plans', 151, N'{"status": "Completed"}', N'{"status": "On Hold"}', 1, N'Pending', NULL, NULL, N'192.168.2.211', N'2025-05-28 06:43:54', NULL),
(187, 3, N'UPDATE', N'residents', 22, N'{"reintegration_status": "In Progress"}', N'{"reintegration_status": "On Hold"}', 1, N'Approved', 16, N'2025-08-06 00:57:15', N'192.168.1.227', N'2025-06-11 11:23:01', NULL),
(188, 1, N'UPDATE', N'residents', 59, N'{"reintegration_status": "Completed"}', N'{"reintegration_status": "On Hold"}', 1, N'Approved', 16, N'2025-11-15 17:14:06', N'192.168.4.231', N'2025-06-12 08:52:12', NULL),
(189, 17, N'LOGOUT', N'users', 17, NULL, NULL, 0, N'N/A', NULL, NULL, N'192.168.5.107', N'2025-06-14 15:37:24', NULL),
(190, 4, N'INSERT', N'health_records', 342, NULL, NULL, 0, N'N/A', NULL, NULL, N'192.168.4.153', N'2025-06-15 08:38:44', NULL),
(191, 8, N'LOGIN', N'users', 8, NULL, NULL, 0, N'N/A', NULL, NULL, N'192.168.4.241', N'2025-06-15 23:28:23', NULL),
(192, 1, N'LOGOUT', N'users', 1, NULL, NULL, 0, N'N/A', NULL, NULL, N'192.168.4.111', N'2025-06-23 12:46:08', NULL),
(193, 17, N'LOGOUT', N'users', 17, NULL, NULL, 0, N'N/A', NULL, NULL, N'192.168.4.23', N'2025-06-24 11:50:38', NULL),
(194, 13, N'INSERT', N'home_visitations', 826, NULL, NULL, 0, N'N/A', NULL, NULL, N'192.168.2.11', N'2025-06-27 14:19:46', NULL),
(195, 7, N'LOGOUT', N'users', 7, NULL, NULL, 0, N'N/A', NULL, NULL, N'192.168.1.241', N'2025-06-29 16:42:17', NULL),
(196, 18, N'INSERT', N'education_records', 158, NULL, NULL, 0, N'N/A', NULL, NULL, N'192.168.5.224', N'2025-06-30 10:39:47', NULL),
(197, 11, N'VIEW', N'process_recordings', 1330, NULL, NULL, 0, N'N/A', NULL, NULL, N'192.168.1.112', N'2025-07-08 23:44:33', NULL),
(198, 11, N'INSERT', N'education_records', 317, NULL, NULL, 0, N'N/A', NULL, NULL, N'192.168.2.163', N'2025-07-11 07:21:39', NULL),
(199, 16, N'VIEW', N'process_recordings', 2354, NULL, NULL, 0, N'N/A', NULL, NULL, N'192.168.5.82', N'2025-07-18 06:38:26', NULL),
(200, 16, N'LOGOUT', N'users', 16, NULL, NULL, 0, N'N/A', NULL, NULL, N'192.168.1.121', N'2025-07-18 08:55:02', NULL),
(201, 14, N'INSERT', N'home_visitations', 895, NULL, NULL, 0, N'N/A', NULL, NULL, N'192.168.2.3', N'2025-07-19 21:02:16', NULL),
(202, 2, N'INSERT', N'health_records', 28, NULL, NULL, 0, N'N/A', NULL, NULL, N'192.168.5.64', N'2025-07-21 19:36:10', NULL),
(203, 12, N'INSERT', N'incident_reports', 26, NULL, NULL, 0, N'N/A', NULL, NULL, N'192.168.2.84', N'2025-07-25 08:09:29', NULL),
(204, 19, N'LOGOUT', N'users', 19, NULL, NULL, 0, N'N/A', NULL, NULL, N'192.168.5.15', N'2025-07-29 00:30:18', NULL),
(205, 13, N'UPDATE', N'residents', 38, N'{"case_status": "On Hold"}', N'{"case_status": "Closed"}', 1, N'Approved', 16, N'2025-08-17 03:56:43', N'192.168.1.9', N'2025-08-16 18:17:25', NULL),
(206, 8, N'INSERT', N'process_recordings', 1266, NULL, NULL, 0, N'N/A', NULL, NULL, N'192.168.1.136', N'2025-08-17 11:41:42', NULL),
(207, 10, N'VIEW', N'process_recordings', 2466, NULL, NULL, 0, N'N/A', NULL, NULL, N'192.168.3.22', N'2025-08-22 16:53:39', NULL),
(208, 11, N'VIEW', N'process_recordings', 55, NULL, NULL, 0, N'N/A', NULL, NULL, N'192.168.5.161', N'2025-09-01 01:32:38', NULL),
(209, 2, N'LOGIN', N'users', 2, NULL, NULL, 0, N'N/A', NULL, NULL, N'192.168.1.191', N'2025-09-09 12:13:39', NULL),
(210, 19, N'LOGIN', N'users', 19, NULL, NULL, 0, N'N/A', NULL, NULL, N'192.168.4.60', N'2025-09-10 09:53:29', NULL),
(211, 7, N'UPDATE', N'intervention_plans', 119, N'{"status": "Completed"}', N'{"status": "In Progress"}', 1, N'Approved', 16, N'2025-11-20 16:29:47', N'192.168.4.215', N'2025-09-12 21:03:45', NULL),
(212, 13, N'INSERT', N'process_recordings', 1271, NULL, NULL, 0, N'N/A', NULL, NULL, N'192.168.2.172', N'2025-09-22 05:58:54', NULL),
(213, 17, N'LOGOUT', N'users', 17, NULL, NULL, 0, N'N/A', NULL, NULL, N'192.168.2.66', N'2025-09-25 07:41:53', NULL),
(214, 11, N'LOGIN', N'users', 11, NULL, NULL, 0, N'N/A', NULL, NULL, N'192.168.4.49', N'2025-09-27 19:48:35', NULL),
(215, 20, N'LOGOUT', N'users', 20, NULL, NULL, 0, N'N/A', NULL, NULL, N'192.168.3.165', N'2025-10-02 12:45:01', NULL),
(216, 13, N'LOGIN', N'users', 13, NULL, NULL, 0, N'N/A', NULL, NULL, N'192.168.4.217', N'2025-10-06 16:12:39', NULL),
(217, 6, N'VIEW', N'process_recordings', 367, NULL, NULL, 0, N'N/A', NULL, NULL, N'192.168.1.183', N'2025-10-12 08:37:15', NULL),
(218, 16, N'LOGOUT', N'users', 16, NULL, NULL, 0, N'N/A', NULL, NULL, N'192.168.1.38', N'2025-10-13 18:13:22', NULL),
(219, 16, N'FAILED_LOGIN', N'users', 16, NULL, NULL, 0, N'N/A', NULL, NULL, N'192.168.5.101', N'2025-10-15 05:47:09', NULL),
(220, 6, N'INSERT', N'home_visitations', 266, NULL, NULL, 0, N'N/A', NULL, NULL, N'192.168.4.32', N'2025-10-16 06:45:47', NULL),
(221, 11, N'INSERT', N'education_records', 178, NULL, NULL, 0, N'N/A', NULL, NULL, N'192.168.1.143', N'2025-10-19 09:18:34', NULL),
(222, 18, N'LOGOUT', N'users', 18, NULL, NULL, 0, N'N/A', NULL, NULL, N'192.168.3.237', N'2025-10-20 07:05:13', NULL),
(223, 19, N'LOGIN', N'users', 19, NULL, NULL, 0, N'N/A', NULL, NULL, N'192.168.5.201', N'2025-10-21 05:28:18', NULL),
(224, 9, N'UPDATE', N'residents', 59, N'{"reintegration_status": "On Hold"}', N'{"reintegration_status": "In Progress"}', 1, N'Approved', 16, N'2026-03-06 17:13:43', N'192.168.3.217', N'2025-10-21 17:30:29', NULL),
(225, 3, N'INSERT', N'incident_reports', 48, NULL, NULL, 0, N'N/A', NULL, NULL, N'192.168.3.234', N'2025-10-22 11:10:31', NULL),
(226, 13, N'INSERT', N'process_recordings', 1989, NULL, NULL, 0, N'N/A', NULL, NULL, N'192.168.1.111', N'2025-10-23 08:23:11', NULL),
(227, 5, N'LOGOUT', N'users', 5, NULL, NULL, 0, N'N/A', NULL, NULL, N'192.168.5.1', N'2025-10-24 00:21:41', NULL),
(228, 15, N'VIEW', N'process_recordings', 1560, NULL, NULL, 0, N'N/A', NULL, NULL, N'192.168.5.187', N'2025-10-24 03:24:43', NULL),
(229, 8, N'UPDATE', N'residents', 35, N'{"case_status": "On Hold"}', N'{"case_status": "Closed"}', 1, N'Pending', NULL, NULL, N'192.168.5.9', N'2025-11-09 00:47:45', NULL),
(230, 8, N'INSERT', N'incident_reports', 74, NULL, NULL, 0, N'N/A', NULL, NULL, N'192.168.2.77', N'2025-11-14 16:29:20', NULL),
(231, 4, N'VIEW', N'incident_reports', 98, NULL, NULL, 0, N'N/A', NULL, NULL, N'192.168.3.102', N'2025-11-17 16:18:51', NULL),
(232, 1, N'INSERT', N'process_recordings', 1163, NULL, NULL, 0, N'N/A', NULL, NULL, N'192.168.4.82', N'2025-11-18 06:26:57', NULL),
(233, 15, N'UPDATE', N'residents', 6, N'{"current_risk_level": "Critical"}', N'{"current_risk_level": "High"}', 1, N'Approved', 16, N'2026-02-19 19:20:29', N'192.168.1.70', N'2025-11-23 15:26:31', NULL),
(234, 15, N'INSERT', N'education_records', 253, NULL, NULL, 0, N'N/A', NULL, NULL, N'192.168.5.70', N'2025-11-24 14:26:40', NULL),
(235, 8, N'INSERT', N'home_visitations', 804, NULL, NULL, 0, N'N/A', NULL, NULL, N'192.168.3.118', N'2025-11-25 01:30:12', NULL),
(236, 12, N'INSERT', N'incident_reports', 48, NULL, NULL, 0, N'N/A', NULL, NULL, N'192.168.2.27', N'2025-11-27 05:50:20', NULL),
(237, 17, N'INSERT', N'home_visitations', 1205, NULL, NULL, 0, N'N/A', NULL, NULL, N'192.168.1.108', N'2025-11-29 18:02:35', NULL),
(238, 17, N'LOGOUT', N'users', 17, NULL, NULL, 0, N'N/A', NULL, NULL, N'192.168.4.15', N'2025-12-05 04:41:51', NULL),
(239, 3, N'VIEW', N'incident_reports', 34, NULL, NULL, 0, N'N/A', NULL, NULL, N'192.168.4.22', N'2025-12-06 04:01:46', NULL),
(240, 18, N'INSERT', N'incident_reports', 30, NULL, NULL, 0, N'N/A', NULL, NULL, N'192.168.1.240', N'2025-12-06 14:03:31', NULL),
(241, 10, N'INSERT', N'process_recordings', 1220, NULL, NULL, 0, N'N/A', NULL, NULL, N'192.168.1.79', N'2025-12-08 13:42:25', NULL),
(242, 9, N'UPDATE', N'residents', 9, N'{"case_status": "Closed"}', N'{"case_status": "On Hold"}', 1, N'Approved', 15, N'2026-02-05 13:20:59', N'192.168.4.44', N'2025-12-09 18:45:55', NULL),
(243, 10, N'LOGIN', N'users', 10, NULL, NULL, 0, N'N/A', NULL, NULL, N'192.168.1.123', N'2025-12-17 04:33:00', NULL),
(244, 12, N'LOGOUT', N'users', 12, NULL, NULL, 0, N'N/A', NULL, NULL, N'192.168.1.55', N'2025-12-17 06:00:32', NULL),
(245, 3, N'UPDATE', N'residents', 14, N'{"reintegration_status": "On Hold"}', N'{"reintegration_status": "In Progress"}', 1, N'Approved', 15, N'2025-12-28 06:59:00', N'192.168.2.120', N'2025-12-24 03:51:30', NULL),
(246, 6, N'UPDATE', N'residents', 2, N'{"reintegration_status": "On Hold"}', N'{"reintegration_status": "In Progress"}', 1, N'Approved', 16, N'2026-03-04 15:19:56', N'192.168.3.65', N'2025-12-25 12:58:13', NULL),
(247, 17, N'INSERT', N'health_records', 237, NULL, NULL, 0, N'N/A', NULL, NULL, N'192.168.5.226', N'2025-12-26 15:24:34', NULL),
(248, 1, N'UPDATE', N'residents', 48, N'{"reintegration_status": "On Hold"}', N'{"reintegration_status": "In Progress"}', 1, N'Pending', NULL, NULL, N'192.168.4.222', N'2025-12-29 12:40:41', NULL),
(249, 8, N'VIEW', N'incident_reports', 69, NULL, NULL, 0, N'N/A', NULL, NULL, N'192.168.4.238', N'2025-12-30 21:40:54', NULL),
(250, 16, N'INSERT', N'education_records', 191, NULL, NULL, 0, N'N/A', NULL, NULL, N'192.168.1.204', N'2026-01-02 18:29:04', NULL),
(251, 18, N'LOGIN', N'users', 18, NULL, NULL, 0, N'N/A', NULL, NULL, N'192.168.2.191', N'2026-01-03 21:36:19', NULL),
(252, 8, N'INSERT', N'education_records', 443, NULL, NULL, 0, N'N/A', NULL, NULL, N'192.168.4.98', N'2026-01-09 03:01:33', NULL),
(253, 10, N'UPDATE', N'residents', 23, N'{"current_risk_level": "Critical"}', N'{"current_risk_level": "High"}', 1, N'Approved', 16, N'2026-03-04 22:43:47', N'192.168.5.160', N'2026-01-11 12:59:34', NULL),
(254, 14, N'INSERT', N'health_records', 234, NULL, NULL, 0, N'N/A', NULL, NULL, N'192.168.5.125', N'2026-01-16 03:28:45', NULL),
(255, 16, N'VIEW', N'process_recordings', 672, NULL, NULL, 0, N'N/A', NULL, NULL, N'192.168.1.46', N'2026-01-16 12:13:58', NULL),
(256, 17, N'LOGIN', N'users', 17, NULL, NULL, 0, N'N/A', NULL, NULL, N'192.168.5.31', N'2026-01-24 08:47:37', NULL),
(257, 18, N'INSERT', N'home_visitations', 201, NULL, NULL, 0, N'N/A', NULL, NULL, N'192.168.5.152', N'2026-01-25 10:21:18', NULL),
(258, 15, N'INSERT', N'education_records', 229, NULL, NULL, 0, N'N/A', NULL, NULL, N'192.168.4.65', N'2026-01-30 01:01:14', NULL),
(259, 3, N'INSERT', N'process_recordings', 174, NULL, NULL, 0, N'N/A', NULL, NULL, N'192.168.1.137', N'2026-02-08 22:09:27', NULL),
(260, 11, N'UPDATE', N'intervention_plans', 76, N'{"status": "On Hold"}', N'{"status": "Cancelled"}', 1, N'Pending', NULL, NULL, N'192.168.5.102', N'2026-02-14 09:37:22', NULL),
(261, 3, N'LOGIN', N'users', 3, NULL, NULL, 0, N'N/A', NULL, NULL, N'192.168.2.3', N'2026-02-15 23:16:06', NULL),
(262, 1, N'UPDATE', N'residents', 39, N'{"current_risk_level": "Critical"}', N'{"current_risk_level": "Low"}', 1, N'Approved', 16, N'2026-03-23 11:17:10', N'192.168.5.153', N'2026-02-17 03:39:18', NULL),
(263, 11, N'INSERT', N'process_recordings', 1578, NULL, NULL, 0, N'N/A', NULL, NULL, N'192.168.1.228', N'2026-02-27 04:34:13', NULL),
(264, 11, N'INSERT', N'incident_reports', 40, NULL, NULL, 0, N'N/A', NULL, NULL, N'192.168.1.169', N'2026-03-04 13:11:35', NULL),
(265, 6, N'UPDATE', N'intervention_plans', 177, N'{"status": "Completed"}', N'{"status": "In Progress"}', 1, N'Approved', 16, N'2026-04-01 10:09:50', N'192.168.1.95', N'2026-03-07 04:17:36', NULL),
(266, 1, N'LOGIN', N'users', 1, NULL, NULL, 0, N'N/A', NULL, NULL, N'192.168.2.127', N'2026-03-08 17:41:04', NULL),
(267, 12, N'LOGOUT', N'users', 12, NULL, NULL, 0, N'N/A', NULL, NULL, N'192.168.4.148', N'2026-03-12 06:22:09', NULL),
(268, 18, N'LOGIN', N'users', 18, NULL, NULL, 0, N'N/A', NULL, NULL, N'192.168.3.7', N'2026-03-13 18:47:20', NULL),
(269, 17, N'INSERT', N'home_visitations', 701, NULL, NULL, 0, N'N/A', NULL, NULL, N'192.168.4.195', N'2026-03-14 01:25:22', NULL),
(270, 3, N'UPDATE', N'residents', 49, N'{"reintegration_status": "In Progress"}', N'{"reintegration_status": "Completed"}', 1, N'Approved', 15, N'2026-03-31 17:38:48', N'192.168.3.113', N'2026-03-18 06:45:13', NULL),
(271, 8, N'INSERT', N'health_records', 313, NULL, NULL, 0, N'N/A', NULL, NULL, N'192.168.3.61', N'2026-04-02 03:19:42', NULL),
(272, 7, N'UPDATE', N'residents', 12, N'{"reintegration_status": "In Progress"}', N'{"reintegration_status": "On Hold"}', 1, N'Approved', 15, N'2026-04-03 16:02:04', N'192.168.3.98', N'2026-04-03 03:49:29', NULL),
(273, 1, N'FAILED_LOGIN', N'auth', NULL, NULL, NULL, NULL, NULL, NULL, NULL, N'::1', N'2026-04-08T19:22:54.6917373Z', NULL),
(274, 1, N'LOGIN', N'auth', NULL, NULL, NULL, NULL, NULL, NULL, NULL, N'::1', N'2026-04-08T19:24:43.2524491Z', NULL),
(275, 1, N'LOGOUT', N'auth', NULL, NULL, NULL, NULL, NULL, NULL, NULL, N'::1', N'2026-04-08T19:58:34.1192916Z', NULL),
(276, 2, N'LOGIN', N'auth', NULL, NULL, NULL, NULL, NULL, NULL, NULL, N'::1', N'2026-04-08T19:59:15.4341768Z', NULL),
(277, 2, N'LOGOUT', N'auth', NULL, NULL, NULL, NULL, NULL, NULL, NULL, N'::1', N'2026-04-08T21:28:59.3579359Z', NULL),
(278, 1, N'LOGIN', N'auth', NULL, NULL, NULL, NULL, NULL, NULL, NULL, N'::1', N'2026-04-08T21:29:14.2873651Z', NULL),
(279, 1, N'LOGIN', N'auth', NULL, NULL, NULL, NULL, NULL, NULL, NULL, N'::1', N'2026-04-08T21:44:02.9157458Z', NULL),
(280, 1, N'LOGIN', N'auth', NULL, NULL, NULL, NULL, NULL, NULL, NULL, N'::1', N'2026-04-08T21:55:28.4178308Z', NULL),
(281, 1, N'LOGIN', N'auth', NULL, NULL, NULL, NULL, NULL, NULL, NULL, N'127.0.0.1', N'2026-04-09T01:03:03.4811898Z', NULL);
  IF EXISTS (SELECT 1 FROM sys.identity_columns WHERE object_id = OBJECT_ID(N'dbo.audit_log')) EXEC('SET IDENTITY_INSERT dbo.audit_log OFF');
END

-- donations
IF OBJECT_ID(N'dbo.donations', N'U') IS NOT NULL
BEGIN
  IF EXISTS (SELECT 1 FROM sys.identity_columns WHERE object_id = OBJECT_ID(N'dbo.donations')) EXEC('SET IDENTITY_INSERT dbo.donations ON');
  INSERT INTO dbo.[donations] ([donation_id], [supporter_id], [donation_type], [donation_date], [is_recurring], [campaign_name], [channel_source], [currency_code], [amount], [estimated_value], [impact_unit], [notes], [referral_post_id]) VALUES
(1, 42, N'Monetary', N'2025-12-31', 0, NULL, N'Campaign', N'PHP', 717.18, 717.18, N'pesos', N'In support of safehouse operations', NULL),
(2, 25, N'Time', N'2025-12-02', 1, N'Year-End Hope', N'Event', NULL, NULL, 35.15, N'hours', N'Community outreach support', NULL),
(3, 19, N'Monetary', N'2024-12-02', 0, NULL, N'PartnerReferral', N'PHP', 1074.65, 1074.65, N'pesos', N'Campaign support', NULL),
(4, 33, N'Monetary', N'2023-09-11', 0, NULL, N'PartnerReferral', N'PHP', 1230.56, 1230.56, N'pesos', N'In support of safehouse operations', NULL),
(5, 24, N'InKind', N'2023-11-08', 1, N'GivingTuesday', N'SocialMedia', NULL, NULL, 1177.41, N'items', N'In support of safehouse operations', 421),
(6, 25, N'Monetary', N'2025-09-18', 1, NULL, N'Direct', N'PHP', 678.86, 678.86, N'pesos', N'Campaign support', NULL),
(7, 25, N'Time', N'2024-12-14', 1, N'Year-End Hope', N'Event', NULL, NULL, 37.53, N'hours', N'Campaign support', NULL),
(8, 23, N'Monetary', N'2024-11-21', 0, N'GivingTuesday', N'Direct', N'PHP', 600.64, 600.64, N'pesos', N'Campaign support', NULL),
(9, 54, N'InKind', N'2023-09-25', 1, NULL, N'Campaign', NULL, NULL, 911.84, N'items', N'Monthly contribution', NULL),
(10, 36, N'Monetary', N'2023-04-16', 0, N'Summer of Safety', N'Event', N'PHP', 1677.73, 1677.73, N'pesos', N'In support of safehouse operations', NULL),
(11, 13, N'Time', N'2023-02-10', 0, NULL, N'Event', NULL, NULL, 11.39, N'hours', N'In support of safehouse operations', NULL),
(12, 26, N'Monetary', N'2024-11-20', 1, N'GivingTuesday', N'Direct', N'PHP', 1773.19, 1773.19, N'pesos', N'Event donation', NULL),
(13, 25, N'InKind', N'2025-08-30', 1, NULL, N'Direct', NULL, NULL, 433.32, N'items', N'Campaign support', NULL),
(14, 47, N'Monetary', N'2025-10-07', 0, NULL, N'PartnerReferral', N'PHP', 1541.75, 1541.75, N'pesos', N'In support of safehouse operations', NULL),
(15, 1, N'InKind', N'2023-07-02', 1, NULL, N'Event', NULL, NULL, 300.0, N'items', N'Campaign support', NULL),
(16, 45, N'Monetary', N'2024-10-25', 1, NULL, N'Campaign', N'PHP', 4026.84, 4026.84, N'pesos', N'Monthly contribution', NULL),
(17, 26, N'SocialMedia', N'2023-08-11', 1, NULL, N'Event', NULL, NULL, 4.3, N'campaigns', N'Community outreach support', NULL),
(18, 51, N'Time', N'2026-01-06', 0, NULL, N'Direct', NULL, NULL, 17.79, N'hours', N'Monthly contribution', NULL),
(19, 4, N'Monetary', N'2026-03-01', 1, NULL, N'Event', N'PHP', 342.96, 342.96, N'pesos', N'Community outreach support', NULL),
(20, 45, N'Monetary', N'2023-08-31', 1, NULL, N'Campaign', N'PHP', 962.42, 962.42, N'pesos', N'Event donation', NULL),
(21, 41, N'Monetary', N'2024-01-13', 0, NULL, N'Event', N'PHP', 1345.15, 1345.15, N'pesos', N'Monthly contribution', NULL),
(22, 22, N'Monetary', N'2025-11-13', 0, NULL, N'Campaign', N'PHP', 1109.83, 1109.83, N'pesos', N'Recurring gift', NULL),
(23, 37, N'Time', N'2024-02-06', 0, NULL, N'Direct', NULL, NULL, 21.44, N'hours', N'Campaign support', NULL),
(24, 54, N'SocialMedia', N'2023-04-27', 1, N'Summer of Safety', N'PartnerReferral', NULL, NULL, 3.05, N'campaigns', N'In support of safehouse operations', NULL),
(25, 9, N'Monetary', N'2024-11-04', 0, N'Year-End Hope', N'SocialMedia', N'PHP', 1796.47, 1796.47, N'pesos', N'Campaign support', 779),
(26, 29, N'Monetary', N'2025-09-28', 0, NULL, N'Event', N'PHP', 1083.86, 1083.86, N'pesos', N'Community outreach support', NULL),
(27, 7, N'InKind', N'2023-10-19', 1, NULL, N'Event', NULL, NULL, 826.93, N'items', N'Community outreach support', NULL),
(28, 54, N'Skills', N'2025-06-15', 1, N'Back to School', N'PartnerReferral', NULL, NULL, 11.27, N'hours', N'Community outreach support', NULL),
(29, 31, N'Monetary', N'2023-12-26', 1, NULL, N'SocialMedia', N'PHP', 1014.15, 1014.15, N'pesos', N'Monthly contribution', 61),
(30, 4, N'InKind', N'2023-03-15', 1, NULL, N'SocialMedia', NULL, NULL, 439.51, N'items', N'Monthly contribution', 159),
(31, 50, N'Time', N'2025-01-24', 0, NULL, N'PartnerReferral', NULL, NULL, 32.95, N'hours', N'Community outreach support', NULL),
(32, 5, N'Skills', N'2024-01-18', 0, NULL, N'SocialMedia', NULL, NULL, 12.59, N'hours', N'Monthly contribution', 716),
(33, 37, N'Monetary', N'2025-01-12', 0, NULL, N'Campaign', N'PHP', 1432.02, 1432.02, N'pesos', N'Recurring gift', NULL),
(34, 7, N'Monetary', N'2025-12-28', 1, NULL, N'SocialMedia', N'PHP', 938.45, 938.45, N'pesos', N'In support of safehouse operations', 187),
(35, 36, N'Monetary', N'2023-03-15', 0, NULL, N'Direct', N'PHP', 826.28, 826.28, N'pesos', N'In support of safehouse operations', NULL),
(36, 8, N'Monetary', N'2023-11-06', 1, NULL, N'SocialMedia', N'PHP', 766.29, 766.29, N'pesos', N'Event donation', 421),
(37, 21, N'Monetary', N'2023-07-25', 0, N'Back to School', N'Campaign', N'PHP', 1104.16, 1104.16, N'pesos', N'Campaign support', NULL),
(38, 16, N'Monetary', N'2025-07-15', 0, N'Back to School', N'Event', N'PHP', 568.91, 568.91, N'pesos', N'Campaign support', NULL),
(39, 25, N'InKind', N'2025-04-28', 1, NULL, N'Direct', NULL, NULL, 437.14, N'items', N'Monthly contribution', NULL),
(40, 32, N'SocialMedia', N'2023-02-02', 0, NULL, N'PartnerReferral', NULL, NULL, 2.6, N'campaigns', N'Monthly contribution', NULL),
(41, 23, N'Time', N'2025-03-26', 0, NULL, N'Event', NULL, NULL, 31.14, N'hours', N'Campaign support', NULL),
(42, 6, N'SocialMedia', N'2023-03-22', 0, NULL, N'Direct', NULL, NULL, 11.87, N'campaigns', N'Monthly contribution', NULL),
(43, 16, N'InKind', N'2025-11-03', 0, N'Year-End Hope', N'Campaign', NULL, NULL, 300.0, N'items', N'Monthly contribution', NULL),
(44, 33, N'InKind', N'2023-09-13', 0, NULL, N'Direct', NULL, NULL, 313.53, N'items', N'Recurring gift', NULL),
(45, 19, N'Time', N'2025-11-12', 0, N'GivingTuesday', N'Campaign', NULL, NULL, 8.16, N'hours', N'Recurring gift', NULL),
(46, 5, N'Monetary', N'2023-12-20', 0, N'Year-End Hope', N'Campaign', N'PHP', 2022.07, 2022.07, N'pesos', N'Recurring gift', NULL),
(47, 24, N'Monetary', N'2024-10-25', 1, NULL, N'Event', N'PHP', 857.65, 857.65, N'pesos', N'Event donation', NULL),
(48, 25, N'InKind', N'2023-11-10', 1, N'Year-End Hope', N'PartnerReferral', NULL, NULL, 300.0, N'items', N'Recurring gift', NULL),
(49, 25, N'Monetary', N'2025-11-23', 1, N'GivingTuesday', N'Event', N'PHP', 711.25, 711.25, N'pesos', N'Recurring gift', NULL),
(50, 43, N'Monetary', N'2023-08-12', 0, NULL, N'Direct', N'PHP', 436.4, 436.4, N'pesos', N'Recurring gift', NULL),
(51, 10, N'InKind', N'2024-10-18', 0, NULL, N'PartnerReferral', NULL, NULL, 336.58, N'items', N'Monthly contribution', NULL),
(52, 12, N'Time', N'2023-02-24', 0, NULL, N'Event', NULL, NULL, 19.07, N'hours', N'Recurring gift', NULL),
(53, 55, N'Time', N'2023-11-03', 0, N'Year-End Hope', N'PartnerReferral', NULL, NULL, 5.23, N'hours', N'Recurring gift', NULL),
(54, 15, N'Monetary', N'2024-09-15', 0, NULL, N'PartnerReferral', N'PHP', 675.66, 675.66, N'pesos', N'Recurring gift', NULL),
(55, 54, N'SocialMedia', N'2023-03-13', 1, NULL, N'Direct', NULL, NULL, 2.66, N'campaigns', N'Recurring gift', NULL),
(56, 35, N'Monetary', N'2024-03-27', 0, NULL, N'Event', N'PHP', 1420.82, 1420.82, N'pesos', N'Recurring gift', NULL),
(57, 4, N'Monetary', N'2023-12-27', 1, NULL, N'Direct', N'PHP', 1226.51, 1226.51, N'pesos', N'Recurring gift', NULL),
(58, 16, N'Monetary', N'2024-10-18', 0, NULL, N'Campaign', N'PHP', 1149.13, 1149.13, N'pesos', N'Community outreach support', NULL),
(59, 17, N'Time', N'2024-12-29', 0, N'Year-End Hope', N'Direct', NULL, NULL, 12.58, N'hours', N'Recurring gift', NULL),
(60, 50, N'InKind', N'2024-10-22', 0, NULL, N'Direct', NULL, NULL, 658.36, N'items', N'Monthly contribution', NULL),
(61, 32, N'InKind', N'2025-10-24', 0, NULL, N'Event', NULL, NULL, 1369.84, N'items', N'Recurring gift', NULL),
(62, 1, N'Monetary', N'2024-01-08', 1, NULL, N'Direct', N'PHP', 1392.1, 1392.1, N'pesos', N'Monthly contribution', NULL),
(63, 51, N'Monetary', N'2026-02-27', 0, NULL, N'Campaign', N'PHP', 914.95, 914.95, N'pesos', N'Recurring gift', NULL),
(64, 44, N'Monetary', N'2025-10-05', 1, NULL, N'Direct', N'PHP', 892.83, 892.83, N'pesos', N'Campaign support', NULL),
(65, 52, N'InKind', N'2024-05-16', 1, N'Summer of Safety', N'SocialMedia', NULL, NULL, 630.81, N'items', N'Community outreach support', 191),
(66, 4, N'Monetary', N'2024-10-11', 1, NULL, N'Event', N'PHP', 1623.68, 1623.68, N'pesos', N'Event donation', NULL),
(67, 9, N'Time', N'2024-08-31', 0, NULL, N'Campaign', NULL, NULL, 20.42, N'hours', N'Campaign support', NULL),
(68, 56, N'InKind', N'2024-03-04', 0, NULL, N'PartnerReferral', NULL, NULL, 300.0, N'items', N'In support of safehouse operations', NULL),
(69, 38, N'Monetary', N'2025-10-28', 1, NULL, N'Direct', N'PHP', 396.32, 396.32, N'pesos', N'Campaign support', NULL),
(70, 39, N'Monetary', N'2023-09-12', 0, NULL, N'PartnerReferral', N'PHP', 444.97, 444.97, N'pesos', N'Campaign support', NULL),
(71, 3, N'SocialMedia', N'2023-06-25', 1, NULL, N'Campaign', NULL, NULL, 9.07, N'campaigns', N'Event donation', NULL),
(72, 52, N'InKind', N'2023-01-17', 1, NULL, N'Campaign', NULL, NULL, 506.18, N'items', N'Community outreach support', NULL),
(73, 9, N'Monetary', N'2025-12-08', 0, NULL, N'SocialMedia', N'PHP', 1967.06, 1967.06, N'pesos', N'In support of safehouse operations', 39),
(74, 3, N'InKind', N'2023-04-09', 1, NULL, N'Event', NULL, NULL, 300.0, N'items', N'Monthly contribution', NULL),
(75, 55, N'Skills', N'2023-05-10', 0, NULL, N'SocialMedia', NULL, NULL, 10.09, N'hours', N'Community outreach support', 244),
(76, 54, N'Time', N'2023-12-07', 1, NULL, N'PartnerReferral', NULL, NULL, 19.14, N'hours', N'Recurring gift', NULL),
(77, 13, N'Monetary', N'2025-02-03', 0, NULL, N'Campaign', N'PHP', 395.95, 395.95, N'pesos', N'Campaign support', NULL),
(78, 36, N'Time', N'2023-06-19', 0, N'Back to School', N'Campaign', NULL, NULL, 21.67, N'hours', N'Campaign support', NULL),
(79, 43, N'Time', N'2024-01-17', 0, NULL, N'SocialMedia', NULL, NULL, 4.65, N'hours', N'In support of safehouse operations', 716),
(80, 32, N'Monetary', N'2025-07-18', 0, N'Back to School', N'PartnerReferral', N'PHP', 1997.7, 1997.7, N'pesos', N'Community outreach support', NULL),
(81, 39, N'Monetary', N'2024-09-19', 0, NULL, N'SocialMedia', N'PHP', 295.79, 295.79, N'pesos', N'Event donation', 209),
(82, 31, N'Monetary', N'2025-05-11', 1, N'Summer of Safety', N'SocialMedia', N'PHP', 250.0, 250.0, N'pesos', N'Monthly contribution', 221),
(83, 8, N'Monetary', N'2024-01-17', 1, NULL, N'Direct', N'PHP', 489.6, 489.6, N'pesos', N'Monthly contribution', NULL),
(84, 3, N'Monetary', N'2025-09-13', 1, NULL, N'Campaign', N'PHP', 527.51, 527.51, N'pesos', N'Recurring gift', NULL),
(85, 37, N'Monetary', N'2023-06-02', 0, N'Back to School', N'Campaign', N'PHP', 502.9, 502.9, N'pesos', N'Event donation', NULL),
(86, 6, N'Monetary', N'2024-08-07', 0, NULL, N'Campaign', N'PHP', 2160.9, 2160.9, N'pesos', N'Community outreach support', NULL),
(87, 13, N'Monetary', N'2024-06-07', 0, NULL, N'Campaign', N'PHP', 423.77, 423.77, N'pesos', N'In support of safehouse operations', NULL),
(88, 11, N'InKind', N'2024-08-20', 0, NULL, N'SocialMedia', NULL, NULL, 577.02, N'items', N'Campaign support', 12),
(89, 21, N'Monetary', N'2025-04-07', 0, NULL, N'SocialMedia', N'PHP', 1461.45, 1461.45, N'pesos', N'In support of safehouse operations', 648),
(90, 8, N'Monetary', N'2024-10-12', 1, NULL, N'Campaign', N'PHP', 470.61, 470.61, N'pesos', N'Event donation', NULL),
(91, 32, N'Monetary', N'2024-04-26', 0, N'Summer of Safety', N'Event', N'PHP', 464.59, 464.59, N'pesos', N'Campaign support', NULL),
(92, 31, N'Monetary', N'2025-10-16', 1, NULL, N'Direct', N'PHP', 285.45, 285.45, N'pesos', N'Event donation', NULL),
(93, 48, N'Monetary', N'2024-05-04', 1, N'Summer of Safety', N'Event', N'PHP', 767.63, 767.63, N'pesos', N'Recurring gift', NULL),
(94, 7, N'Monetary', N'2025-03-06', 1, NULL, N'Event', N'PHP', 413.82, 413.82, N'pesos', N'Monthly contribution', NULL),
(95, 6, N'Monetary', N'2025-08-12', 0, NULL, N'PartnerReferral', N'PHP', 3189.71, 3189.71, N'pesos', N'Campaign support', NULL),
(96, 55, N'Monetary', N'2025-03-03', 0, NULL, N'Campaign', N'PHP', 2439.57, 2439.57, N'pesos', N'Event donation', NULL),
(97, 11, N'InKind', N'2023-03-18', 0, NULL, N'SocialMedia', NULL, NULL, 386.1, N'items', N'Monthly contribution', 159),
(98, 37, N'SocialMedia', N'2023-02-02', 0, NULL, N'Campaign', NULL, NULL, 5.92, N'campaigns', N'Monthly contribution', NULL),
(99, 54, N'Monetary', N'2023-07-08', 1, NULL, N'Direct', N'PHP', 1167.2, 1167.2, N'pesos', N'Community outreach support', NULL),
(100, 51, N'Monetary', N'2023-05-11', 0, N'Summer of Safety', N'PartnerReferral', N'PHP', 1036.3, 1036.3, N'pesos', N'Event donation', NULL),
(101, 60, N'Monetary', N'2023-08-14', 1, NULL, N'Event', N'PHP', 250.0, 250.0, N'pesos', N'In support of safehouse operations', NULL),
(102, 44, N'Monetary', N'2024-07-21', 1, NULL, N'Campaign', N'PHP', 587.96, 587.96, N'pesos', N'Recurring gift', NULL),
(103, 10, N'InKind', N'2025-11-09', 0, N'Year-End Hope', N'SocialMedia', NULL, NULL, 447.5, N'items', N'In support of safehouse operations', 740),
(104, 54, N'InKind', N'2025-11-23', 1, N'Year-End Hope', N'SocialMedia', NULL, NULL, 490.48, N'items', N'Monthly contribution', 200),
(105, 46, N'Monetary', N'2025-04-22', 0, N'Summer of Safety', N'Campaign', N'PHP', 787.53, 787.53, N'pesos', N'Community outreach support', NULL),
(106, 3, N'Monetary', N'2025-03-15', 1, NULL, N'Campaign', N'PHP', 1534.69, 1534.69, N'pesos', N'Community outreach support', NULL),
(107, 37, N'Time', N'2024-11-21', 0, N'GivingTuesday', N'Campaign', NULL, NULL, 30.16, N'hours', N'Community outreach support', NULL),
(108, 34, N'InKind', N'2025-05-07', 1, N'Summer of Safety', N'Direct', NULL, NULL, 732.46, N'items', N'Event donation', NULL),
(109, 18, N'Monetary', N'2024-10-09', 0, NULL, N'SocialMedia', N'PHP', 329.79, 329.79, N'pesos', N'Community outreach support', 48),
(110, 20, N'Monetary', N'2023-03-23', 1, NULL, N'Event', N'PHP', 1350.34, 1350.34, N'pesos', N'In support of safehouse operations', NULL),
(111, 7, N'Time', N'2023-11-02', 1, NULL, N'Event', NULL, NULL, 18.82, N'hours', N'Recurring gift', NULL),
(112, 50, N'Monetary', N'2024-04-13', 0, N'Summer of Safety', N'SocialMedia', N'PHP', 999.49, 999.49, N'pesos', N'Monthly contribution', 493),
(113, 8, N'SocialMedia', N'2023-12-03', 1, NULL, N'PartnerReferral', NULL, NULL, 6.03, N'campaigns', N'Campaign support', NULL),
(114, 8, N'InKind', N'2023-12-28', 1, N'Year-End Hope', N'Campaign', NULL, NULL, 486.04, N'items', N'Monthly contribution', NULL),
(115, 20, N'InKind', N'2023-06-03', 1, N'Back to School', N'Campaign', NULL, NULL, 1788.92, N'items', N'In support of safehouse operations', NULL),
(116, 20, N'Monetary', N'2024-11-10', 1, NULL, N'Event', N'PHP', 622.51, 622.51, N'pesos', N'Community outreach support', NULL),
(117, 34, N'Time', N'2024-10-26', 1, NULL, N'PartnerReferral', NULL, NULL, 22.09, N'hours', N'Recurring gift', NULL),
(118, 20, N'SocialMedia', N'2023-12-08', 1, N'Year-End Hope', N'Campaign', NULL, NULL, 11.45, N'campaigns', N'Campaign support', NULL),
(119, 25, N'Monetary', N'2025-07-17', 1, N'Back to School', N'Campaign', N'PHP', 1510.08, 1510.08, N'pesos', N'In support of safehouse operations', NULL),
(120, 2, N'Time', N'2023-09-25', 0, NULL, N'Campaign', NULL, NULL, 24.34, N'hours', N'Monthly contribution', NULL),
(121, 25, N'Monetary', N'2025-07-04', 1, NULL, N'SocialMedia', N'PHP', 1244.53, 1244.53, N'pesos', N'Event donation', 223),
(122, 38, N'Monetary', N'2023-12-10', 1, N'Year-End Hope', N'Event', N'PHP', 1032.04, 1032.04, N'pesos', N'Event donation', NULL),
(123, 38, N'Monetary', N'2023-05-21', 1, N'Summer of Safety', N'SocialMedia', N'PHP', 1757.44, 1757.44, N'pesos', N'In support of safehouse operations', 568),
(124, 46, N'Monetary', N'2024-02-15', 0, NULL, N'Direct', N'PHP', 480.16, 480.16, N'pesos', N'Monthly contribution', NULL),
(125, 29, N'Time', N'2023-03-04', 0, NULL, N'Direct', NULL, NULL, 9.94, N'hours', N'Monthly contribution', NULL),
(126, 19, N'InKind', N'2024-11-28', 0, N'GivingTuesday', N'Campaign', NULL, NULL, 658.57, N'items', N'Event donation', NULL),
(127, 3, N'Monetary', N'2023-08-22', 1, NULL, N'SocialMedia', N'PHP', 460.56, 460.56, N'pesos', N'In support of safehouse operations', 727),
(128, 53, N'Skills', N'2024-11-09', 0, NULL, N'Direct', NULL, NULL, 7.43, N'hours', N'In support of safehouse operations', NULL),
(129, 54, N'Monetary', N'2023-11-11', 1, N'Year-End Hope', N'Campaign', N'PHP', 421.11, 421.11, N'pesos', N'Campaign support', NULL),
(130, 45, N'Monetary', N'2025-03-04', 1, NULL, N'Campaign', N'PHP', 971.69, 971.69, N'pesos', N'Campaign support', NULL),
(131, 60, N'Monetary', N'2024-07-09', 1, N'Back to School', N'Direct', N'PHP', 1195.89, 1195.89, N'pesos', N'In support of safehouse operations', NULL),
(132, 24, N'Time', N'2025-10-14', 1, NULL, N'Event', NULL, NULL, 18.77, N'hours', N'Community outreach support', NULL),
(133, 5, N'Monetary', N'2025-10-02', 0, NULL, N'Campaign', N'PHP', 504.86, 504.86, N'pesos', N'Monthly contribution', NULL),
(134, 36, N'InKind', N'2024-05-22', 0, NULL, N'PartnerReferral', NULL, NULL, 416.51, N'items', N'In support of safehouse operations', NULL),
(135, 58, N'InKind', N'2023-01-09', 0, NULL, N'Direct', NULL, NULL, 616.42, N'items', N'Event donation', NULL),
(136, 25, N'Monetary', N'2024-09-15', 1, NULL, N'Direct', N'PHP', 695.12, 695.12, N'pesos', N'Campaign support', NULL),
(137, 32, N'SocialMedia', N'2026-01-18', 0, NULL, N'Event', NULL, NULL, 5.23, N'campaigns', N'Community outreach support', NULL),
(138, 45, N'InKind', N'2024-11-26', 1, N'Year-End Hope', N'Event', NULL, NULL, 300.0, N'items', N'In support of safehouse operations', NULL),
(139, 45, N'Monetary', N'2025-04-30', 1, N'Summer of Safety', N'SocialMedia', N'PHP', 1321.41, 1321.41, N'pesos', N'Recurring gift', 790),
(140, 8, N'InKind', N'2024-11-24', 1, N'Year-End Hope', N'Direct', NULL, NULL, 304.75, N'items', N'Campaign support', NULL),
(141, 31, N'Monetary', N'2024-02-08', 1, NULL, N'Campaign', N'PHP', 318.57, 318.57, N'pesos', N'Campaign support', NULL),
(142, 26, N'Monetary', N'2025-01-12', 1, NULL, N'Campaign', N'PHP', 1071.26, 1071.26, N'pesos', N'Campaign support', NULL),
(143, 1, N'InKind', N'2025-10-29', 1, NULL, N'SocialMedia', NULL, NULL, 503.75, N'items', N'Event donation', NULL),
(144, 39, N'Monetary', N'2025-06-15', 0, NULL, N'Event', N'PHP', 364.81, 364.81, N'pesos', N'In support of safehouse operations', NULL),
(145, 1, N'Monetary', N'2023-03-25', 1, NULL, N'SocialMedia', N'PHP', 774.61, 774.61, N'pesos', N'In support of safehouse operations', 70),
(146, 3, N'InKind', N'2024-02-06', 1, NULL, N'Campaign', NULL, NULL, 476.64, N'items', N'Event donation', NULL),
(147, 8, N'Skills', N'2025-08-05', 1, NULL, N'Campaign', NULL, NULL, 11.51, N'hours', N'Recurring gift', NULL),
(148, 1, N'Time', N'2023-07-23', 1, NULL, N'SocialMedia', NULL, NULL, 19.2, N'hours', N'Community outreach support', 457),
(149, 21, N'InKind', N'2023-10-20', 0, NULL, N'SocialMedia', NULL, NULL, 300.0, N'items', N'Monthly contribution', 666),
(150, 3, N'Monetary', N'2024-10-03', 1, NULL, N'Event', N'PHP', 1707.64, 1707.64, N'pesos', N'In support of safehouse operations', NULL),
(151, 54, N'Monetary', N'2025-07-18', 1, NULL, N'SocialMedia', N'PHP', 436.93, 436.93, N'pesos', N'Monthly contribution', 378),
(152, 34, N'Monetary', N'2024-09-02', 1, NULL, N'Campaign', N'PHP', 250.0, 250.0, N'pesos', N'Community outreach support', NULL),
(153, 24, N'Time', N'2023-07-02', 1, NULL, N'Event', NULL, NULL, 4.89, N'hours', N'Recurring gift', NULL),
(154, 16, N'InKind', N'2024-10-14', 0, NULL, N'SocialMedia', NULL, NULL, 300.0, N'items', N'Recurring gift', 211),
(155, 7, N'InKind', N'2025-09-23', 1, NULL, N'SocialMedia', NULL, NULL, 716.99, N'items', N'In support of safehouse operations', 793),
(156, 38, N'Monetary', N'2024-12-06', 1, N'Year-End Hope', N'SocialMedia', N'PHP', 1024.06, 1024.06, N'pesos', N'Community outreach support', 358),
(157, 13, N'Time', N'2024-12-06', 0, NULL, N'SocialMedia', NULL, NULL, 5.85, N'hours', N'Event donation', 358),
(158, 1, N'InKind', N'2023-06-24', 1, N'Back to School', N'Direct', NULL, NULL, 606.91, N'items', N'Recurring gift', NULL),
(159, 45, N'Monetary', N'2023-08-27', 1, NULL, N'PartnerReferral', N'PHP', 325.06, 325.06, N'pesos', N'Event donation', NULL),
(160, 9, N'Monetary', N'2024-11-08', 0, N'GivingTuesday', N'SocialMedia', N'PHP', 903.39, 903.39, N'pesos', N'Campaign support', 424),
(161, 1, N'Monetary', N'2024-10-17', 1, NULL, N'SocialMedia', N'PHP', 1042.36, 1042.36, N'pesos', N'Monthly contribution', 682),
(162, 19, N'Time', N'2023-10-29', 0, NULL, N'Direct', NULL, NULL, 30.72, N'hours', N'Recurring gift', NULL),
(163, 24, N'Monetary', N'2025-01-07', 1, NULL, N'Campaign', N'PHP', 710.26, 710.26, N'pesos', N'Event donation', NULL),
(164, 20, N'Monetary', N'2024-08-04', 1, NULL, N'SocialMedia', N'PHP', 971.81, 971.81, N'pesos', N'Recurring gift', 667),
(165, 32, N'Monetary', N'2023-01-22', 0, NULL, N'Event', N'PHP', 338.91, 338.91, N'pesos', N'Community outreach support', NULL),
(166, 30, N'Monetary', N'2025-07-29', 0, NULL, N'SocialMedia', N'PHP', 3208.9, 3208.9, N'pesos', N'Recurring gift', 588),
(167, 31, N'Monetary', N'2025-08-10', 1, NULL, N'PartnerReferral', N'PHP', 425.04, 425.04, N'pesos', N'Recurring gift', NULL),
(168, 8, N'Skills', N'2024-12-17', 1, N'Year-End Hope', N'Event', NULL, NULL, 17.89, N'hours', N'Event donation', NULL),
(169, 26, N'Monetary', N'2026-02-24', 1, NULL, N'Event', N'PHP', 357.02, 357.02, N'pesos', N'Campaign support', NULL),
(170, 21, N'Time', N'2025-12-30', 0, N'Year-End Hope', N'Event', NULL, NULL, 13.68, N'hours', N'Community outreach support', NULL),
(171, 7, N'Monetary', N'2023-05-30', 1, N'Summer of Safety', N'Campaign', N'PHP', 469.97, 469.97, N'pesos', N'Event donation', NULL),
(172, 6, N'InKind', N'2024-12-20', 0, N'Year-End Hope', N'Campaign', NULL, NULL, 801.17, N'items', N'In support of safehouse operations', NULL),
(173, 35, N'Monetary', N'2023-10-31', 0, NULL, N'Direct', N'PHP', 1569.56, 1569.56, N'pesos', N'Campaign support', NULL),
(174, 44, N'Monetary', N'2025-11-22', 1, N'Year-End Hope', N'Event', N'PHP', 1564.35, 1564.35, N'pesos', N'Monthly contribution', NULL),
(175, 59, N'Skills', N'2025-03-05', 0, NULL, N'Event', NULL, NULL, 12.57, N'hours', N'In support of safehouse operations', NULL),
(176, 47, N'Time', N'2025-04-04', 0, N'Summer of Safety', N'PartnerReferral', NULL, NULL, 9.18, N'hours', N'Community outreach support', NULL),
(177, 45, N'Monetary', N'2023-11-26', 1, N'GivingTuesday', N'Event', N'PHP', 1732.45, 1732.45, N'pesos', N'Event donation', NULL),
(178, 11, N'Monetary', N'2025-12-16', 0, NULL, N'SocialMedia', N'PHP', 2261.72, 2261.72, N'pesos', N'Monthly contribution', 228),
(179, 31, N'Monetary', N'2023-04-24', 1, N'Summer of Safety', N'Campaign', N'PHP', 1021.77, 1021.77, N'pesos', N'Recurring gift', NULL),
(180, 20, N'Monetary', N'2024-08-17', 1, NULL, N'Event', N'PHP', 1177.6, 1177.6, N'pesos', N'Monthly contribution', NULL),
(181, 44, N'InKind', N'2023-12-03', 1, N'Year-End Hope', N'Event', NULL, NULL, 403.77, N'items', N'Campaign support', NULL),
(182, 15, N'Monetary', N'2024-06-16', 0, N'Back to School', N'Campaign', N'PHP', 250.0, 250.0, N'pesos', N'Community outreach support', NULL),
(183, 55, N'Monetary', N'2024-03-13', 0, NULL, N'Campaign', N'PHP', 638.62, 638.62, N'pesos', N'Campaign support', NULL),
(184, 12, N'Monetary', N'2025-08-15', 0, NULL, N'Direct', N'PHP', 617.11, 617.11, N'pesos', N'Recurring gift', NULL),
(185, 55, N'Monetary', N'2024-12-01', 0, N'Year-End Hope', N'PartnerReferral', N'PHP', 6481.54, 6481.54, N'pesos', N'Monthly contribution', NULL),
(186, 7, N'SocialMedia', N'2025-04-20', 1, N'Summer of Safety', N'SocialMedia', NULL, NULL, 7.08, N'campaigns', N'Event donation', 656),
(187, 31, N'InKind', N'2025-10-19', 1, NULL, N'Campaign', NULL, NULL, 307.52, N'items', N'Monthly contribution', NULL),
(188, 24, N'Monetary', N'2025-01-01', 1, NULL, N'PartnerReferral', N'PHP', 1061.85, 1061.85, N'pesos', N'Monthly contribution', NULL),
(189, 43, N'Monetary', N'2025-10-23', 0, NULL, N'Campaign', N'PHP', 1223.21, 1223.21, N'pesos', N'In support of safehouse operations', NULL),
(190, 6, N'Monetary', N'2023-07-19', 0, NULL, N'Direct', N'PHP', 1038.86, 1038.86, N'pesos', N'Recurring gift', NULL),
(191, 38, N'InKind', N'2023-03-10', 1, NULL, N'Direct', NULL, NULL, 453.66, N'items', N'Monthly contribution', NULL),
(192, 25, N'Monetary', N'2023-10-14', 1, NULL, N'PartnerReferral', N'PHP', 525.32, 525.32, N'pesos', N'Monthly contribution', NULL),
(193, 54, N'Time', N'2024-05-31', 1, NULL, N'Event', NULL, NULL, 4.52, N'hours', N'Monthly contribution', NULL),
(194, 31, N'InKind', N'2025-02-28', 1, NULL, N'SocialMedia', NULL, NULL, 529.53, N'items', N'Event donation', 14),
(195, 25, N'InKind', N'2026-02-14', 1, NULL, N'Event', NULL, NULL, 412.91, N'items', N'Campaign support', NULL),
(196, 26, N'Monetary', N'2024-10-06', 1, NULL, N'Campaign', N'PHP', 735.7, 735.7, N'pesos', N'Recurring gift', NULL),
(197, 23, N'SocialMedia', N'2023-12-15', 0, N'Year-End Hope', N'SocialMedia', NULL, NULL, 4.75, N'campaigns', N'In support of safehouse operations', 359),
(198, 17, N'Monetary', N'2025-01-21', 0, NULL, N'Direct', N'PHP', 813.27, 813.27, N'pesos', N'Event donation', NULL),
(199, 21, N'Time', N'2023-08-26', 0, NULL, N'Campaign', NULL, NULL, 26.27, N'hours', N'Monthly contribution', NULL),
(200, 10, N'Skills', N'2023-08-22', 0, NULL, N'Event', NULL, NULL, 20.62, N'hours', N'Recurring gift', NULL),
(201, 36, N'Monetary', N'2023-01-15', 0, NULL, N'Campaign', N'PHP', 691.35, 691.35, N'pesos', N'Community outreach support', NULL),
(202, 44, N'Monetary', N'2025-12-17', 1, N'Year-End Hope', N'Direct', N'PHP', 1155.47, 1155.47, N'pesos', N'In support of safehouse operations', NULL),
(203, 35, N'Monetary', N'2025-02-11', 0, NULL, N'Direct', N'PHP', 250.0, 250.0, N'pesos', N'Campaign support', NULL),
(204, 12, N'InKind', N'2025-10-13', 0, NULL, N'Campaign', NULL, NULL, 735.61, N'items', N'In support of safehouse operations', NULL),
(205, 19, N'Monetary', N'2024-01-07', 0, NULL, N'Direct', N'PHP', 1337.07, 1337.07, N'pesos', N'Community outreach support', NULL),
(206, 5, N'Monetary', N'2024-12-28', 0, N'Year-End Hope', N'PartnerReferral', N'PHP', 812.03, 812.03, N'pesos', N'In support of safehouse operations', NULL),
(207, 20, N'Skills', N'2023-05-04', 1, N'Summer of Safety', N'Campaign', NULL, NULL, 17.39, N'hours', N'Event donation', NULL),
(208, 44, N'Monetary', N'2023-11-23', 1, N'GivingTuesday', N'PartnerReferral', N'PHP', 1160.53, 1160.53, N'pesos', N'Event donation', NULL),
(209, 40, N'Skills', N'2025-07-22', 0, N'Back to School', N'Direct', NULL, NULL, 12.44, N'hours', N'Recurring gift', NULL),
(210, 59, N'InKind', N'2024-01-26', 0, NULL, N'Campaign', NULL, NULL, 359.85, N'items', N'Campaign support', NULL),
(211, 19, N'Skills', N'2023-04-23', 0, N'Summer of Safety', N'PartnerReferral', NULL, NULL, 4.15, N'hours', N'Community outreach support', NULL),
(212, 13, N'Monetary', N'2023-11-03', 0, N'GivingTuesday', N'Campaign', N'PHP', 1395.79, 1395.79, N'pesos', N'Recurring gift', NULL),
(213, 22, N'InKind', N'2025-01-08', 0, NULL, N'Campaign', NULL, NULL, 413.32, N'items', N'Monthly contribution', NULL),
(214, 54, N'Skills', N'2025-01-04', 1, NULL, N'Campaign', NULL, NULL, 5.98, N'hours', N'Campaign support', NULL),
(215, 43, N'InKind', N'2023-08-20', 0, NULL, N'Event', NULL, NULL, 667.96, N'items', N'Campaign support', NULL),
(216, 33, N'Monetary', N'2025-04-01', 0, NULL, N'Direct', N'PHP', 633.01, 633.01, N'pesos', N'Recurring gift', NULL),
(217, 20, N'Monetary', N'2024-11-11', 1, N'Year-End Hope', N'Event', N'PHP', 1179.47, 1179.47, N'pesos', N'In support of safehouse operations', NULL),
(218, 1, N'Monetary', N'2024-12-11', 1, N'Year-End Hope', N'Event', N'PHP', 376.97, 376.97, N'pesos', N'Community outreach support', NULL),
(219, 6, N'Monetary', N'2025-02-15', 0, NULL, N'Event', N'PHP', 409.44, 409.44, N'pesos', N'Community outreach support', NULL),
(220, 12, N'Monetary', N'2025-08-24', 0, NULL, N'SocialMedia', N'PHP', 836.04, 836.04, N'pesos', N'Recurring gift', 140),
(221, 56, N'InKind', N'2023-03-29', 0, NULL, N'Event', NULL, NULL, 300.0, N'items', N'In support of safehouse operations', NULL),
(222, 47, N'InKind', N'2024-06-30', 0, N'Back to School', N'SocialMedia', NULL, NULL, 482.86, N'items', N'Campaign support', 139),
(223, 20, N'InKind', N'2023-08-11', 1, NULL, N'Direct', NULL, NULL, 800.07, N'items', N'Recurring gift', NULL),
(224, 56, N'Monetary', N'2025-11-12', 0, N'Year-End Hope', N'Direct', N'PHP', 593.89, 593.89, N'pesos', N'Recurring gift', NULL),
(225, 42, N'Monetary', N'2024-10-24', 0, NULL, N'Campaign', N'PHP', 650.1, 650.1, N'pesos', N'Monthly contribution', NULL),
(226, 19, N'InKind', N'2025-03-10', 0, NULL, N'Campaign', NULL, NULL, 302.29, N'items', N'Monthly contribution', NULL),
(227, 3, N'Monetary', N'2024-11-18', 1, NULL, N'PartnerReferral', N'PHP', 1053.82, 1053.82, N'pesos', N'Community outreach support', NULL),
(228, 54, N'Monetary', N'2023-04-17', 1, N'Summer of Safety', N'Event', N'PHP', 721.33, 721.33, N'pesos', N'Campaign support', NULL),
(229, 11, N'Monetary', N'2025-08-21', 0, NULL, N'PartnerReferral', N'PHP', 1170.78, 1170.78, N'pesos', N'Community outreach support', NULL),
(230, 18, N'Monetary', N'2026-01-20', 0, NULL, N'Campaign', N'PHP', 2148.74, 2148.74, N'pesos', N'Event donation', NULL),
(231, 10, N'Monetary', N'2024-12-28', 0, NULL, N'Event', N'PHP', 2103.84, 2103.84, N'pesos', N'In support of safehouse operations', NULL),
(232, 20, N'Monetary', N'2025-05-11', 1, N'Summer of Safety', N'SocialMedia', N'PHP', 1959.16, 1959.16, N'pesos', N'Recurring gift', 221),
(233, 31, N'Time', N'2024-08-28', 1, NULL, N'Direct', NULL, NULL, 5.8, N'hours', N'Recurring gift', NULL),
(234, 25, N'Monetary', N'2023-10-07', 1, NULL, N'Direct', N'PHP', 2104.72, 2104.72, N'pesos', N'Recurring gift', NULL),
(235, 54, N'Monetary', N'2023-08-01', 1, NULL, N'Campaign', N'PHP', 1547.99, 1547.99, N'pesos', N'Event donation', NULL),
(236, 56, N'InKind', N'2026-01-05', 0, NULL, N'Direct', NULL, NULL, 388.04, N'items', N'Campaign support', NULL),
(237, 4, N'Monetary', N'2025-11-24', 1, N'Year-End Hope', N'Event', N'PHP', 2667.25, 2667.25, N'pesos', N'Community outreach support', NULL),
(238, 47, N'Monetary', N'2025-08-19', 0, NULL, N'Campaign', N'PHP', 4213.58, 4213.58, N'pesos', N'In support of safehouse operations', NULL),
(239, 4, N'Monetary', N'2025-11-23', 1, N'Year-End Hope', N'Direct', N'PHP', 250.0, 250.0, N'pesos', N'Monthly contribution', NULL),
(240, 35, N'Monetary', N'2024-11-11', 0, N'Year-End Hope', N'Event', N'PHP', 1650.13, 1650.13, N'pesos', N'Event donation', NULL),
(241, 35, N'InKind', N'2025-12-21', 0, NULL, N'Campaign', NULL, NULL, 300.0, N'items', N'Campaign support', NULL),
(242, 54, N'Monetary', N'2024-09-10', 1, NULL, N'Direct', N'PHP', 419.25, 419.25, N'pesos', N'Recurring gift', NULL),
(243, 8, N'Monetary', N'2025-09-10', 1, NULL, N'SocialMedia', N'PHP', 489.55, 489.55, N'pesos', N'Community outreach support', 508),
(244, 54, N'InKind', N'2023-08-05', 1, NULL, N'SocialMedia', NULL, NULL, 935.56, N'items', N'Campaign support', 582),
(245, 40, N'Monetary', N'2025-02-06', 0, NULL, N'Event', N'PHP', 1633.61, 1633.61, N'pesos', N'Event donation', NULL),
(246, 27, N'Monetary', N'2024-08-03', 0, NULL, N'Campaign', N'PHP', 2447.64, 2447.64, N'pesos', N'Monthly contribution', NULL),
(247, 17, N'InKind', N'2023-05-23', 0, N'Summer of Safety', N'Direct', NULL, NULL, 567.97, N'items', N'Event donation', NULL),
(248, 3, N'InKind', N'2025-05-26', 1, N'Summer of Safety', N'Event', NULL, NULL, 756.8, N'items', N'Event donation', NULL),
(249, 9, N'InKind', N'2025-07-18', 0, NULL, N'Campaign', NULL, NULL, 808.8, N'items', N'Event donation', NULL),
(250, 1, N'Monetary', N'2026-02-19', 1, NULL, N'Campaign', N'PHP', 689.85, 689.85, N'pesos', N'Community outreach support', NULL),
(251, 35, N'Monetary', N'2023-12-20', 0, NULL, N'Event', N'PHP', 2028.9, 2028.9, N'pesos', N'Recurring gift', NULL),
(252, 27, N'SocialMedia', N'2025-08-11', 0, NULL, N'SocialMedia', NULL, NULL, 7.39, N'campaigns', N'In support of safehouse operations', 494),
(253, 21, N'Time', N'2023-06-13', 0, NULL, N'Event', NULL, NULL, 29.54, N'hours', N'Community outreach support', NULL),
(254, 26, N'Monetary', N'2023-12-06', 1, N'Year-End Hope', N'Campaign', N'PHP', 838.21, 838.21, N'pesos', N'Event donation', NULL),
(255, 31, N'Monetary', N'2024-09-03', 1, NULL, N'SocialMedia', N'PHP', 1295.61, 1295.61, N'pesos', N'In support of safehouse operations', 587),
(256, 30, N'Monetary', N'2024-11-13', 0, N'Year-End Hope', N'Campaign', N'PHP', 1504.94, 1504.94, N'pesos', N'Campaign support', NULL),
(257, 3, N'InKind', N'2025-03-31', 1, NULL, N'Campaign', NULL, NULL, 671.26, N'items', N'Campaign support', NULL),
(258, 35, N'Monetary', N'2025-08-28', 0, NULL, N'Direct', N'PHP', 626.97, 626.97, N'pesos', N'Community outreach support', NULL),
(259, 4, N'InKind', N'2024-09-10', 1, NULL, N'Campaign', NULL, NULL, 380.15, N'items', N'In support of safehouse operations', NULL),
(260, 4, N'Monetary', N'2024-04-11', 1, N'Summer of Safety', N'Campaign', N'PHP', 1017.09, 1017.09, N'pesos', N'Campaign support', NULL),
(261, 27, N'Skills', N'2023-01-16', 0, NULL, N'Campaign', NULL, NULL, 5.45, N'hours', N'In support of safehouse operations', NULL),
(262, 12, N'Monetary', N'2023-04-26', 0, NULL, N'Direct', N'PHP', 683.54, 683.54, N'pesos', N'Event donation', NULL),
(263, 57, N'InKind', N'2025-12-06', 0, N'Year-End Hope', N'Campaign', NULL, NULL, 537.37, N'items', N'Recurring gift', NULL),
(264, 34, N'InKind', N'2024-02-28', 1, NULL, N'PartnerReferral', NULL, NULL, 300.0, N'items', N'Community outreach support', NULL),
(265, 32, N'InKind', N'2025-08-10', 0, NULL, N'Event', NULL, NULL, 344.86, N'items', N'Monthly contribution', NULL),
(266, 60, N'Monetary', N'2023-07-27', 1, N'Back to School', N'PartnerReferral', N'PHP', 374.1, 374.1, N'pesos', N'Event donation', NULL),
(267, 20, N'Monetary', N'2023-02-22', 1, NULL, N'Campaign', N'PHP', 694.07, 694.07, N'pesos', N'Campaign support', NULL),
(268, 29, N'InKind', N'2023-11-06', 0, N'Year-End Hope', N'Event', NULL, NULL, 300.0, N'items', N'Event donation', NULL),
(269, 33, N'Monetary', N'2024-11-15', 0, N'Year-End Hope', N'SocialMedia', N'PHP', 314.15, 314.15, N'pesos', N'Monthly contribution', 652),
(270, 31, N'InKind', N'2023-04-14', 1, NULL, N'Event', NULL, NULL, 603.87, N'items', N'Community outreach support', NULL),
(271, 12, N'Monetary', N'2023-07-16', 0, N'Back to School', N'Campaign', N'PHP', 1374.79, 1374.79, N'pesos', N'Community outreach support', NULL),
(272, 36, N'Monetary', N'2024-06-15', 0, N'Back to School', N'Direct', N'PHP', 427.1, 427.1, N'pesos', N'Recurring gift', NULL),
(273, 54, N'InKind', N'2024-05-30', 1, N'Summer of Safety', N'Campaign', NULL, NULL, 547.24, N'items', N'Campaign support', NULL),
(274, 29, N'Monetary', N'2023-09-03', 0, NULL, N'Event', N'PHP', 1000.5, 1000.5, N'pesos', N'In support of safehouse operations', NULL),
(275, 25, N'InKind', N'2025-03-13', 1, NULL, N'Campaign', NULL, NULL, 463.82, N'items', N'Recurring gift', NULL),
(276, 9, N'Monetary', N'2026-02-03', 0, NULL, N'Direct', N'PHP', 707.04, 707.04, N'pesos', N'Recurring gift', NULL),
(277, 51, N'Monetary', N'2023-10-03', 0, NULL, N'Campaign', N'PHP', 343.6, 343.6, N'pesos', N'Campaign support', NULL),
(278, 25, N'Monetary', N'2024-04-24', 1, NULL, N'Direct', N'PHP', 655.63, 655.63, N'pesos', N'Event donation', NULL),
(279, 6, N'Monetary', N'2024-12-05', 0, N'Year-End Hope', N'Campaign', N'PHP', 415.11, 415.11, N'pesos', N'Recurring gift', NULL),
(280, 48, N'Monetary', N'2025-11-20', 1, N'Year-End Hope', N'Direct', N'PHP', 583.05, 583.05, N'pesos', N'Campaign support', NULL),
(281, 42, N'Time', N'2025-11-03', 0, N'GivingTuesday', N'Direct', NULL, NULL, 2.62, N'hours', N'Event donation', NULL),
(282, 54, N'Time', N'2024-04-28', 1, NULL, N'Direct', NULL, NULL, 7.53, N'hours', N'Campaign support', NULL),
(283, 54, N'Monetary', N'2023-07-02', 1, N'Back to School', N'SocialMedia', N'PHP', 330.63, 330.63, N'pesos', N'Campaign support', 13),
(284, 31, N'Skills', N'2026-02-11', 1, NULL, N'Direct', NULL, NULL, 19.4, N'hours', N'Monthly contribution', NULL),
(285, 29, N'InKind', N'2025-07-17', 0, N'Back to School', N'SocialMedia', NULL, NULL, 564.36, N'items', N'Monthly contribution', 448),
(286, 9, N'Monetary', N'2023-12-29', 0, N'Year-End Hope', N'Direct', N'PHP', 2496.61, 2496.61, N'pesos', N'In support of safehouse operations', NULL),
(287, 12, N'InKind', N'2024-02-15', 0, NULL, N'SocialMedia', NULL, NULL, 736.22, N'items', N'Campaign support', 383),
(288, 31, N'Monetary', N'2025-08-31', 1, NULL, N'Event', N'PHP', 574.32, 574.32, N'pesos', N'Community outreach support', NULL),
(289, 34, N'Skills', N'2024-04-16', 1, N'Summer of Safety', N'Campaign', NULL, NULL, 8.27, N'hours', N'Monthly contribution', NULL),
(290, 9, N'SocialMedia', N'2023-03-18', 0, NULL, N'SocialMedia', NULL, NULL, 11.61, N'campaigns', N'Community outreach support', 159),
(291, 20, N'Monetary', N'2025-04-08', 1, N'Summer of Safety', N'PartnerReferral', N'PHP', 386.0, 386.0, N'pesos', N'Community outreach support', NULL),
(292, 35, N'InKind', N'2023-06-12', 0, N'Back to School', N'Direct', NULL, NULL, 315.92, N'items', N'Event donation', NULL),
(293, 2, N'InKind', N'2025-05-08', 0, NULL, N'SocialMedia', NULL, NULL, 372.94, N'items', N'Recurring gift', 221),
(294, 51, N'Time', N'2025-12-14', 0, N'Year-End Hope', N'Campaign', NULL, NULL, 20.96, N'hours', N'Event donation', NULL),
(295, 1, N'Monetary', N'2023-07-01', 1, NULL, N'Event', N'PHP', 663.94, 663.94, N'pesos', N'Community outreach support', NULL),
(296, 33, N'Monetary', N'2024-07-10', 0, N'Back to School', N'SocialMedia', N'PHP', 573.6, 573.6, N'pesos', N'In support of safehouse operations', 561),
(297, 51, N'Monetary', N'2026-02-02', 0, NULL, N'SocialMedia', N'PHP', 320.08, 320.08, N'pesos', N'Campaign support', 528),
(298, 49, N'InKind', N'2026-01-22', 0, NULL, N'Direct', NULL, NULL, 659.78, N'items', N'Campaign support', NULL),
(299, 59, N'InKind', N'2025-10-02', 0, NULL, N'PartnerReferral', NULL, NULL, 300.0, N'items', N'In support of safehouse operations', NULL),
(300, 53, N'Monetary', N'2023-12-17', 0, N'Year-End Hope', N'Event', N'PHP', 2263.85, 2263.85, N'pesos', N'Recurring gift', NULL),
(301, 1, N'Time', N'2025-12-30', 1, N'Year-End Hope', N'Event', NULL, NULL, 2.2, N'hours', N'Community outreach support', NULL),
(302, 6, N'Monetary', N'2025-11-23', 0, N'Year-End Hope', N'SocialMedia', N'PHP', 1151.33, 1151.33, N'pesos', N'In support of safehouse operations', 200),
(303, 8, N'Monetary', N'2024-07-14', 1, N'Back to School', N'Event', N'PHP', 1752.44, 1752.44, N'pesos', N'Campaign support', NULL),
(304, 47, N'InKind', N'2025-10-03', 0, NULL, N'Event', NULL, NULL, 300.0, N'items', N'Recurring gift', NULL),
(305, 24, N'Skills', N'2025-03-12', 1, NULL, N'Direct', NULL, NULL, 20.46, N'hours', N'Recurring gift', NULL),
(306, 16, N'InKind', N'2023-09-18', 0, NULL, N'PartnerReferral', NULL, NULL, 350.19, N'items', N'Monthly contribution', NULL),
(307, 48, N'Monetary', N'2024-06-30', 1, N'Back to School', N'Direct', N'PHP', 454.01, 454.01, N'pesos', N'Community outreach support', NULL),
(308, 13, N'InKind', N'2026-01-01', 0, NULL, N'Direct', NULL, NULL, 300.0, N'items', N'Monthly contribution', NULL),
(309, 44, N'InKind', N'2023-11-19', 1, N'Year-End Hope', N'Direct', NULL, NULL, 300.0, N'items', N'Event donation', NULL),
(310, 45, N'SocialMedia', N'2023-07-06', 1, NULL, N'SocialMedia', NULL, NULL, 5.72, N'campaigns', N'Campaign support', 480),
(311, 31, N'Monetary', N'2025-09-23', 1, NULL, N'Campaign', N'PHP', 329.09, 329.09, N'pesos', N'Monthly contribution', NULL),
(312, 7, N'InKind', N'2024-11-29', 1, NULL, N'Campaign', NULL, NULL, 300.0, N'items', N'Monthly contribution', NULL),
(313, 20, N'InKind', N'2023-12-16', 1, N'Year-End Hope', N'Direct', NULL, NULL, 308.93, N'items', N'Campaign support', NULL),
(314, 31, N'Monetary', N'2025-12-03', 1, N'Year-End Hope', N'PartnerReferral', N'PHP', 512.03, 512.03, N'pesos', N'In support of safehouse operations', NULL),
(315, 22, N'InKind', N'2025-10-18', 0, NULL, N'Campaign', NULL, NULL, 1082.01, N'items', N'Community outreach support', NULL),
(316, 26, N'Time', N'2024-07-22', 1, N'Back to School', N'SocialMedia', NULL, NULL, 22.26, N'hours', N'Campaign support', 174),
(317, 39, N'Time', N'2024-10-13', 0, NULL, N'SocialMedia', NULL, NULL, 25.93, N'hours', N'Community outreach support', 211),
(318, 24, N'Monetary', N'2025-06-16', 1, NULL, N'PartnerReferral', N'PHP', 310.5, 310.5, N'pesos', N'Recurring gift', NULL),
(319, 27, N'Monetary', N'2026-02-18', 0, NULL, N'Campaign', N'PHP', 393.31, 393.31, N'pesos', N'Campaign support', NULL),
(320, 54, N'InKind', N'2023-04-03', 1, N'Summer of Safety', N'Event', NULL, NULL, 506.71, N'items', N'Campaign support', NULL),
(321, 33, N'Monetary', N'2024-10-25', 0, NULL, N'Direct', N'PHP', 690.98, 690.98, N'pesos', N'Community outreach support', NULL),
(322, 18, N'InKind', N'2025-07-17', 0, N'Back to School', N'Campaign', NULL, NULL, 516.29, N'items', N'Event donation', NULL),
(323, 60, N'Monetary', N'2024-04-08', 1, N'Summer of Safety', N'Event', N'PHP', 416.0, 416.0, N'pesos', N'Monthly contribution', NULL),
(324, 4, N'Monetary', N'2023-11-07', 1, N'GivingTuesday', N'SocialMedia', N'PHP', 825.99, 825.99, N'pesos', N'Monthly contribution', 421),
(325, 42, N'Time', N'2025-11-08', 0, N'Year-End Hope', N'Direct', NULL, NULL, 28.61, N'hours', N'Campaign support', NULL),
(326, 31, N'Monetary', N'2023-03-01', 1, NULL, N'Event', N'PHP', 836.51, 836.51, N'pesos', N'Community outreach support', NULL),
(327, 39, N'InKind', N'2023-07-13', 0, N'Back to School', N'Direct', NULL, NULL, 811.72, N'items', N'Campaign support', NULL),
(328, 25, N'Monetary', N'2024-01-27', 1, NULL, N'PartnerReferral', N'PHP', 776.19, 776.19, N'pesos', N'Monthly contribution', NULL),
(329, 26, N'Monetary', N'2024-06-22', 1, NULL, N'Campaign', N'PHP', 770.34, 770.34, N'pesos', N'Campaign support', NULL),
(330, 47, N'Monetary', N'2024-03-17', 0, NULL, N'Campaign', N'PHP', 716.84, 716.84, N'pesos', N'In support of safehouse operations', NULL),
(331, 31, N'InKind', N'2023-10-03', 1, NULL, N'Event', NULL, NULL, 531.11, N'items', N'Event donation', NULL),
(332, 17, N'Time', N'2025-03-15', 0, NULL, N'Direct', NULL, NULL, 12.85, N'hours', N'Recurring gift', NULL),
(333, 54, N'Monetary', N'2023-05-29', 1, N'Summer of Safety', N'PartnerReferral', N'PHP', 789.3, 789.3, N'pesos', N'Campaign support', NULL),
(334, 60, N'Monetary', N'2023-04-12', 1, NULL, N'Event', N'PHP', 905.01, 905.01, N'pesos', N'In support of safehouse operations', NULL),
(335, 31, N'Monetary', N'2023-03-20', 1, NULL, N'SocialMedia', N'PHP', 571.69, 571.69, N'pesos', N'Campaign support', 511),
(336, 6, N'Monetary', N'2023-05-05', 0, N'Summer of Safety', N'SocialMedia', N'PHP', 395.88, 395.88, N'pesos', N'Recurring gift', 530),
(337, 38, N'InKind', N'2024-09-17', 1, NULL, N'Direct', NULL, NULL, 471.54, N'items', N'Recurring gift', NULL),
(338, 10, N'Monetary', N'2025-02-07', 0, NULL, N'PartnerReferral', N'PHP', 250.0, 250.0, N'pesos', N'Campaign support', NULL),
(339, 14, N'Time', N'2023-12-25', 0, N'Year-End Hope', N'PartnerReferral', NULL, NULL, 27.12, N'hours', N'Event donation', NULL),
(340, 41, N'Time', N'2025-01-23', 0, NULL, N'PartnerReferral', NULL, NULL, 9.31, N'hours', N'Event donation', NULL),
(341, 8, N'Monetary', N'2023-03-22', 1, NULL, N'SocialMedia', N'PHP', 1420.95, 1420.95, N'pesos', N'In support of safehouse operations', 431),
(342, 3, N'InKind', N'2024-10-08', 1, NULL, N'Campaign', NULL, NULL, 993.12, N'items', N'Monthly contribution', NULL),
(343, 18, N'Monetary', N'2023-05-08', 0, N'Summer of Safety', N'SocialMedia', N'PHP', 413.2, 413.2, N'pesos', N'Monthly contribution', 244),
(344, 4, N'Monetary', N'2025-08-12', 1, NULL, N'Direct', N'PHP', 741.25, 741.25, N'pesos', N'Monthly contribution', NULL),
(345, 7, N'Monetary', N'2025-11-24', 1, N'GivingTuesday', N'Direct', N'PHP', 1940.26, 1940.26, N'pesos', N'Recurring gift', NULL),
(346, 9, N'Monetary', N'2024-09-27', 0, NULL, N'PartnerReferral', N'PHP', 1604.35, 1604.35, N'pesos', N'Recurring gift', NULL),
(347, 46, N'Time', N'2025-07-05', 0, NULL, N'SocialMedia', NULL, NULL, 13.89, N'hours', N'Monthly contribution', 223),
(348, 49, N'InKind', N'2025-07-14', 0, NULL, N'Campaign', NULL, NULL, 988.59, N'items', N'Community outreach support', NULL),
(349, 48, N'InKind', N'2024-12-02', 1, N'Year-End Hope', N'Campaign', NULL, NULL, 452.59, N'items', N'Monthly contribution', NULL),
(350, 27, N'Monetary', N'2023-12-22', 0, N'Year-End Hope', N'SocialMedia', N'PHP', 1215.82, 1215.82, N'pesos', N'Campaign support', 61),
(351, 38, N'Monetary', N'2024-11-14', 1, N'Year-End Hope', N'Campaign', N'PHP', 1011.86, 1011.86, N'pesos', N'Recurring gift', NULL),
(352, 45, N'Monetary', N'2023-04-09', 1, N'Summer of Safety', N'PartnerReferral', N'PHP', 392.09, 392.09, N'pesos', N'Community outreach support', NULL),
(353, 1, N'Monetary', N'2023-12-20', 1, NULL, N'Direct', N'PHP', 2628.14, 2628.14, N'pesos', N'Community outreach support', NULL),
(354, 18, N'SocialMedia', N'2025-04-20', 0, N'Summer of Safety', N'PartnerReferral', NULL, NULL, 11.56, N'campaigns', N'Event donation', NULL),
(355, 26, N'Skills', N'2025-11-20', 1, N'GivingTuesday', N'SocialMedia', NULL, NULL, 10.67, N'hours', N'In support of safehouse operations', 200),
(356, 38, N'InKind', N'2023-01-10', 1, NULL, N'Campaign', NULL, NULL, 612.89, N'items', N'Community outreach support', NULL),
(357, 3, N'Monetary', N'2025-06-25', 1, N'Back to School', N'PartnerReferral', N'PHP', 2133.99, 2133.99, N'pesos', N'Recurring gift', NULL),
(358, 52, N'Monetary', N'2023-06-02', 1, N'Back to School', N'Campaign', N'PHP', 803.96, 803.96, N'pesos', N'In support of safehouse operations', NULL),
(359, 20, N'Monetary', N'2025-04-26', 1, NULL, N'Event', N'PHP', 1014.67, 1014.67, N'pesos', N'In support of safehouse operations', NULL),
(360, 7, N'Skills', N'2023-01-27', 1, NULL, N'Campaign', NULL, NULL, 9.67, N'hours', N'Monthly contribution', NULL),
(361, 59, N'Monetary', N'2023-03-08', 0, NULL, N'SocialMedia', N'PHP', 695.6, 695.6, N'pesos', N'Monthly contribution', 482),
(362, 3, N'Monetary', N'2024-12-08', 1, N'Year-End Hope', N'Event', N'PHP', 585.24, 585.24, N'pesos', N'Recurring gift', NULL),
(363, 52, N'Monetary', N'2024-09-17', 1, NULL, N'Campaign', N'PHP', 1812.47, 1812.47, N'pesos', N'In support of safehouse operations', NULL),
(364, 46, N'Monetary', N'2025-09-02', 0, NULL, N'SocialMedia', N'PHP', 762.84, 762.84, N'pesos', N'In support of safehouse operations', 216),
(365, 52, N'SocialMedia', N'2023-05-18', 1, NULL, N'Direct', NULL, NULL, 11.16, N'campaigns', N'In support of safehouse operations', NULL),
(366, 2, N'Monetary', N'2023-08-07', 0, NULL, N'Event', N'PHP', 915.05, 915.05, N'pesos', N'In support of safehouse operations', NULL),
(367, 41, N'InKind', N'2023-06-08', 0, N'Back to School', N'Campaign', NULL, NULL, 300.82, N'items', N'Recurring gift', NULL),
(368, 20, N'Monetary', N'2023-03-30', 1, NULL, N'Campaign', N'PHP', 536.82, 536.82, N'pesos', N'Event donation', NULL),
(369, 34, N'Monetary', N'2024-02-07', 1, NULL, N'Campaign', N'PHP', 1076.59, 1076.59, N'pesos', N'Community outreach support', NULL),
(370, 55, N'Monetary', N'2025-06-16', 0, N'Back to School', N'Direct', N'PHP', 2499.74, 2499.74, N'pesos', N'Recurring gift', NULL),
(371, 8, N'Monetary', N'2025-12-22', 1, NULL, N'Direct', N'PHP', 2310.53, 2310.53, N'pesos', N'Recurring gift', NULL),
(372, 54, N'Monetary', N'2024-06-22', 1, NULL, N'Campaign', N'PHP', 250.0, 250.0, N'pesos', N'Recurring gift', NULL),
(373, 58, N'SocialMedia', N'2023-11-02', 0, N'GivingTuesday', N'Event', NULL, NULL, 4.01, N'campaigns', N'Community outreach support', NULL),
(374, 2, N'Monetary', N'2023-03-08', 0, NULL, N'Direct', N'PHP', 2565.03, 2565.03, N'pesos', N'Campaign support', NULL),
(375, 43, N'Monetary', N'2024-01-02', 0, NULL, N'Campaign', N'PHP', 250.0, 250.0, N'pesos', N'Monthly contribution', NULL),
(376, 13, N'Monetary', N'2025-04-07', 0, NULL, N'Event', N'PHP', 724.07, 724.07, N'pesos', N'Campaign support', NULL),
(377, 3, N'Skills', N'2024-08-28', 1, NULL, N'Event', NULL, NULL, 15.53, N'hours', N'Monthly contribution', NULL),
(378, 26, N'Monetary', N'2024-06-08', 1, NULL, N'SocialMedia', N'PHP', 1136.62, 1136.62, N'pesos', N'Event donation', 572),
(379, 3, N'Monetary', N'2023-02-22', 1, NULL, N'Campaign', N'PHP', 250.0, 250.0, N'pesos', N'Monthly contribution', NULL),
(380, 5, N'Monetary', N'2024-12-13', 0, N'Year-End Hope', N'Campaign', N'PHP', 1399.62, 1399.62, N'pesos', N'Community outreach support', NULL),
(381, 8, N'Monetary', N'2023-07-14', 1, N'Back to School', N'Event', N'PHP', 538.65, 538.65, N'pesos', N'Event donation', NULL),
(382, 42, N'Monetary', N'2024-11-25', 0, N'Year-End Hope', N'Campaign', N'PHP', 748.26, 748.26, N'pesos', N'Campaign support', NULL),
(383, 50, N'Monetary', N'2025-07-08', 0, NULL, N'Campaign', N'PHP', 1510.6, 1510.6, N'pesos', N'Event donation', NULL),
(384, 29, N'Monetary', N'2025-10-08', 0, NULL, N'SocialMedia', N'PHP', 1878.65, 1878.65, N'pesos', N'Event donation', 583),
(385, 25, N'InKind', N'2023-06-02', 1, NULL, N'Direct', NULL, NULL, 519.42, N'items', N'Community outreach support', NULL),
(386, 22, N'InKind', N'2026-02-11', 0, NULL, N'SocialMedia', NULL, NULL, 642.58, N'items', N'Event donation', 93),
(387, 52, N'Monetary', N'2024-08-04', 1, NULL, N'PartnerReferral', N'PHP', 541.33, 541.33, N'pesos', N'Monthly contribution', NULL),
(388, 41, N'InKind', N'2023-10-15', 0, NULL, N'Event', NULL, NULL, 511.42, N'items', N'Recurring gift', NULL),
(389, 20, N'InKind', N'2023-11-05', 1, N'GivingTuesday', N'Campaign', NULL, NULL, 300.0, N'items', N'Community outreach support', NULL),
(390, 7, N'Monetary', N'2025-02-04', 1, NULL, N'Event', N'PHP', 361.97, 361.97, N'pesos', N'In support of safehouse operations', NULL),
(391, 35, N'SocialMedia', N'2025-03-19', 0, NULL, N'SocialMedia', NULL, NULL, 2.5, N'campaigns', N'Monthly contribution', 374),
(392, 34, N'Time', N'2023-10-31', 1, NULL, N'PartnerReferral', NULL, NULL, 39.4, N'hours', N'Campaign support', NULL),
(393, 10, N'InKind', N'2023-12-13', 0, N'Year-End Hope', N'Event', NULL, NULL, 300.0, N'items', N'Event donation', NULL),
(394, 32, N'Monetary', N'2025-11-18', 0, NULL, N'Campaign', N'PHP', 1162.17, 1162.17, N'pesos', N'Event donation', NULL),
(395, 22, N'Monetary', N'2025-10-27', 0, NULL, N'SocialMedia', N'PHP', 1078.99, 1078.99, N'pesos', N'Monthly contribution', 83),
(396, 33, N'Time', N'2023-07-25', 0, N'Back to School', N'Direct', NULL, NULL, 39.15, N'hours', N'Community outreach support', NULL),
(397, 27, N'InKind', N'2023-10-11', 0, NULL, N'Event', NULL, NULL, 583.43, N'items', N'Community outreach support', NULL),
(398, 31, N'Monetary', N'2024-04-30', 1, N'Summer of Safety', N'Event', N'PHP', 280.87, 280.87, N'pesos', N'Monthly contribution', NULL),
(399, 3, N'Monetary', N'2024-09-23', 1, NULL, N'Campaign', N'PHP', 972.26, 972.26, N'pesos', N'Monthly contribution', NULL),
(400, 26, N'Monetary', N'2026-01-20', 1, NULL, N'Campaign', N'PHP', 379.25, 379.25, N'pesos', N'In support of safehouse operations', NULL),
(401, 46, N'SocialMedia', N'2024-08-26', 0, NULL, N'PartnerReferral', NULL, NULL, 3.63, N'campaigns', N'Monthly contribution', NULL),
(402, 35, N'InKind', N'2023-12-19', 0, N'Year-End Hope', N'SocialMedia', NULL, NULL, 382.94, N'items', N'Monthly contribution', 627),
(403, 31, N'Monetary', N'2025-07-04', 1, N'Back to School', N'Event', N'PHP', 291.03, 291.03, N'pesos', N'Recurring gift', NULL),
(404, 60, N'Monetary', N'2025-05-29', 1, N'Summer of Safety', N'Campaign', N'PHP', 835.01, 835.01, N'pesos', N'Recurring gift', NULL),
(405, 24, N'SocialMedia', N'2023-08-15', 1, NULL, N'Event', NULL, NULL, 7.09, N'campaigns', N'Campaign support', NULL),
(406, 21, N'Time', N'2024-11-06', 0, N'GivingTuesday', N'PartnerReferral', NULL, NULL, 20.59, N'hours', N'Event donation', NULL),
(407, 58, N'Monetary', N'2024-01-17', 0, NULL, N'Campaign', N'PHP', 250.0, 250.0, N'pesos', N'Monthly contribution', NULL),
(408, 57, N'Monetary', N'2023-12-05', 0, NULL, N'Campaign', N'PHP', 1194.06, 1194.06, N'pesos', N'Campaign support', NULL),
(409, 43, N'Monetary', N'2025-01-12', 0, NULL, N'SocialMedia', N'PHP', 697.94, 697.94, N'pesos', N'Monthly contribution', 709),
(410, 54, N'InKind', N'2023-08-18', 1, NULL, N'Campaign', NULL, NULL, 478.06, N'items', N'Campaign support', NULL),
(411, 49, N'SocialMedia', N'2023-12-01', 0, N'Year-End Hope', N'PartnerReferral', NULL, NULL, 4.61, N'campaigns', N'Campaign support', NULL),
(412, 38, N'Time', N'2026-01-12', 1, NULL, N'Event', NULL, NULL, 32.89, N'hours', N'Monthly contribution', NULL),
(413, 45, N'Monetary', N'2025-11-27', 1, N'Year-End Hope', N'Direct', N'PHP', 469.23, 469.23, N'pesos', N'In support of safehouse operations', NULL),
(414, 4, N'InKind', N'2024-10-14', 1, NULL, N'SocialMedia', NULL, NULL, 420.23, N'items', N'Community outreach support', 211),
(415, 26, N'SocialMedia', N'2026-01-13', 1, NULL, N'Campaign', NULL, NULL, 10.8, N'campaigns', N'Recurring gift', NULL),
(416, 20, N'Monetary', N'2023-02-03', 1, NULL, N'Campaign', N'PHP', 1121.08, 1121.08, N'pesos', N'Campaign support', NULL),
(417, 19, N'Monetary', N'2023-01-13', 0, NULL, N'Direct', N'PHP', 349.66, 349.66, N'pesos', N'Event donation', NULL),
(418, 54, N'Monetary', N'2025-03-08', 1, NULL, N'Campaign', N'PHP', 1924.57, 1924.57, N'pesos', N'Campaign support', NULL),
(419, 45, N'InKind', N'2024-10-29', 1, NULL, N'Campaign', NULL, NULL, 677.83, N'items', N'Recurring gift', NULL),
(420, 49, N'InKind', N'2025-12-09', 0, N'Year-End Hope', N'Event', NULL, NULL, 300.0, N'items', N'Monthly contribution', NULL);
  IF EXISTS (SELECT 1 FROM sys.identity_columns WHERE object_id = OBJECT_ID(N'dbo.donations')) EXEC('SET IDENTITY_INSERT dbo.donations OFF');
END

-- in_kind_donation_items
IF OBJECT_ID(N'dbo.in_kind_donation_items', N'U') IS NOT NULL
BEGIN
  IF EXISTS (SELECT 1 FROM sys.identity_columns WHERE object_id = OBJECT_ID(N'dbo.in_kind_donation_items')) EXEC('SET IDENTITY_INSERT dbo.in_kind_donation_items ON');
  INSERT INTO dbo.[in_kind_donation_items] ([item_id], [donation_id], [item_name], [item_category], [quantity], [unit_of_measure], [estimated_unit_value], [intended_use], [received_condition]) VALUES
(1, 5, N'School Supplies', N'SchoolMaterials', 10, N'sets', 779.49, N'Health', N'New'),
(2, 9, N'Bags', N'Food', 16, N'packs', 793.39, N'Shelter', N'Good'),
(3, 13, N'Medicines', N'Supplies', 12, N'sets', 774.73, N'Health', N'Good'),
(4, 15, N'Furniture', N'Medical', 28, N'packs', 318.23, N'Hygiene', N'New'),
(5, 27, N'Medicines', N'Hygiene', 15, N'boxes', 385.34, N'Education', N'New'),
(6, 30, N'Medicines', N'Food', 13, N'kg', 94.81, N'Health', N'Good'),
(7, 30, N'Blankets', N'Supplies', 24, N'packs', 219.11, N'Hygiene', N'New'),
(8, 39, N'Books', N'Clothing', 24, N'sets', 1123.96, N'Hygiene', N'Good'),
(9, 43, N'Bags', N'SchoolMaterials', 23, N'kg', 931.92, N'Education', N'New'),
(10, 43, N'Blankets', N'SchoolMaterials', 15, N'sets', 612.65, N'Hygiene', N'New'),
(11, 44, N'Medicines', N'SchoolMaterials', 5, N'boxes', 1045.38, N'Education', N'New'),
(12, 48, N'School Supplies', N'Furniture', 17, N'boxes', 45.13, N'Health', N'New'),
(13, 48, N'Books', N'Medical', 1, N'pcs', 943.77, N'Education', N'Good'),
(14, 51, N'Bags', N'Food', 30, N'pcs', 143.1, N'Health', N'New'),
(15, 51, N'Books', N'Supplies', 18, N'sets', 1072.69, N'Meals', N'New'),
(16, 60, N'Books', N'Hygiene', 5, N'boxes', 1195.2, N'Education', N'Fair'),
(17, 61, N'Blankets', N'SchoolMaterials', 28, N'kg', 1109.97, N'Shelter', N'New'),
(18, 65, N'School Supplies', N'Hygiene', 27, N'pcs', 1052.09, N'Hygiene', N'New'),
(19, 68, N'Rice', N'Supplies', 21, N'packs', 396.55, N'Health', N'Good'),
(20, 72, N'Books', N'Medical', 1, N'packs', 970.59, N'Hygiene', N'New'),
(21, 74, N'Hygiene Kits', N'Clothing', 16, N'pcs', 849.56, N'Hygiene', N'New'),
(22, 88, N'Medicines', N'Hygiene', 1, N'packs', 130.96, N'Health', N'New'),
(23, 97, N'Bags', N'Furniture', 10, N'pcs', 15.65, N'Education', N'New'),
(24, 103, N'Books', N'Hygiene', 13, N'sets', 276.74, N'Health', N'New'),
(25, 104, N'Bags', N'Supplies', 1, N'boxes', 1114.27, N'Hygiene', N'New'),
(26, 108, N'Uniforms', N'Medical', 17, N'kg', 186.35, N'Shelter', N'Good'),
(27, 114, N'Books', N'Supplies', 10, N'sets', 1089.17, N'Meals', N'New'),
(28, 115, N'Uniforms', N'SchoolMaterials', 29, N'pcs', 786.43, N'Shelter', N'New'),
(29, 115, N'Furniture', N'SchoolMaterials', 18, N'kg', 656.05, N'Hygiene', N'New'),
(30, 126, N'Books', N'Furniture', 15, N'sets', 144.24, N'Health', N'New'),
(31, 134, N'Furniture', N'Furniture', 15, N'pcs', 1027.36, N'Hygiene', N'Good'),
(32, 134, N'Bags', N'Food', 30, N'boxes', 436.06, N'Health', N'New'),
(33, 134, N'Medicines', N'Supplies', 21, N'packs', 76.61, N'Health', N'New'),
(34, 135, N'Uniforms', N'Clothing', 21, N'boxes', 1071.34, N'Shelter', N'New'),
(35, 138, N'Rice', N'Supplies', 3, N'packs', 741.11, N'Shelter', N'Good'),
(36, 140, N'Hygiene Kits', N'Medical', 28, N'packs', 888.48, N'Education', N'New'),
(37, 143, N'Hygiene Kits', N'Supplies', 20, N'sets', 591.09, N'Meals', N'New'),
(38, 143, N'Uniforms', N'Furniture', 2, N'sets', 171.26, N'Education', N'Good'),
(39, 146, N'Blankets', N'Clothing', 4, N'packs', 642.53, N'Hygiene', N'New'),
(40, 146, N'Rice', N'Food', 12, N'packs', 188.67, N'Shelter', N'New'),
(41, 149, N'Bags', N'Furniture', 18, N'pcs', 883.78, N'Hygiene', N'Good'),
(42, 154, N'Medicines', N'Furniture', 16, N'pcs', 31.33, N'Hygiene', N'New'),
(43, 154, N'Uniforms', N'Clothing', 16, N'boxes', 743.87, N'Hygiene', N'New'),
(44, 155, N'Rice', N'Supplies', 4, N'kg', 523.89, N'Shelter', N'New'),
(45, 155, N'Blankets', N'SchoolMaterials', 13, N'pcs', 733.87, N'Education', N'New'),
(46, 158, N'School Supplies', N'Medical', 12, N'packs', 82.28, N'Education', N'New'),
(47, 172, N'Uniforms', N'Supplies', 8, N'pcs', 618.13, N'Hygiene', N'New'),
(48, 181, N'Bags', N'Medical', 29, N'packs', 1074.09, N'Health', N'New'),
(49, 181, N'Books', N'Hygiene', 3, N'pcs', 266.64, N'Health', N'Fair'),
(50, 187, N'School Supplies', N'SchoolMaterials', 20, N'pcs', 584.27, N'Education', N'New'),
(51, 187, N'Rice', N'Food', 20, N'packs', 536.54, N'Meals', N'New'),
(52, 191, N'Bags', N'Clothing', 2, N'sets', 367.03, N'Health', N'New'),
(53, 191, N'Bags', N'Hygiene', 8, N'pcs', 576.51, N'Shelter', N'New'),
(54, 191, N'Bags', N'Food', 24, N'sets', 14.45, N'Education', N'New'),
(55, 194, N'School Supplies', N'Clothing', 10, N'packs', 416.08, N'Health', N'New'),
(56, 195, N'Furniture', N'SchoolMaterials', 14, N'boxes', 1138.03, N'Meals', N'New'),
(57, 204, N'Books', N'SchoolMaterials', 10, N'kg', 475.62, N'Health', N'Fair'),
(58, 210, N'Blankets', N'Food', 4, N'packs', 884.82, N'Education', N'Good'),
(59, 213, N'Hygiene Kits', N'Medical', 13, N'packs', 280.5, N'Health', N'Good'),
(60, 215, N'Medicines', N'SchoolMaterials', 1, N'sets', 361.19, N'Meals', N'New'),
(61, 215, N'Hygiene Kits', N'SchoolMaterials', 26, N'boxes', 886.66, N'Shelter', N'Good'),
(62, 221, N'School Supplies', N'Medical', 16, N'pcs', 475.72, N'Hygiene', N'Fair'),
(63, 222, N'Furniture', N'SchoolMaterials', 21, N'boxes', 71.71, N'Health', N'New'),
(64, 223, N'Bags', N'Clothing', 18, N'packs', 691.54, N'Education', N'New'),
(65, 226, N'Furniture', N'Furniture', 16, N'pcs', 307.76, N'Health', N'New'),
(66, 236, N'Medicines', N'Medical', 19, N'kg', 171.44, N'Education', N'Good'),
(67, 241, N'Blankets', N'Supplies', 11, N'packs', 275.27, N'Education', N'Good'),
(68, 244, N'Bags', N'Clothing', 23, N'pcs', 170.91, N'Education', N'New'),
(69, 247, N'School Supplies', N'Hygiene', 5, N'boxes', 1153.28, N'Shelter', N'New'),
(70, 247, N'Medicines', N'SchoolMaterials', 10, N'boxes', 449.71, N'Meals', N'New'),
(71, 248, N'Bags', N'Hygiene', 4, N'boxes', 587.61, N'Education', N'Fair'),
(72, 249, N'Bags', N'Medical', 10, N'boxes', 1011.08, N'Health', N'New'),
(73, 249, N'School Supplies', N'Supplies', 28, N'sets', 658.36, N'Health', N'New'),
(74, 257, N'School Supplies', N'Food', 13, N'sets', 1062.28, N'Shelter', N'New'),
(75, 257, N'Furniture', N'Furniture', 20, N'packs', 1151.16, N'Health', N'Good'),
(76, 259, N'Hygiene Kits', N'Furniture', 1, N'boxes', 169.22, N'Health', N'Good'),
(77, 263, N'Furniture', N'Hygiene', 3, N'pcs', 666.67, N'Health', N'New'),
(78, 263, N'Rice', N'Food', 21, N'boxes', 956.67, N'Education', N'Fair'),
(79, 264, N'Furniture', N'SchoolMaterials', 1, N'kg', 13.68, N'Education', N'New'),
(80, 265, N'Rice', N'Medical', 30, N'pcs', 128.67, N'Education', N'New'),
(81, 268, N'Books', N'Hygiene', 27, N'sets', 322.52, N'Meals', N'New'),
(82, 270, N'Uniforms', N'Furniture', 21, N'boxes', 1126.79, N'Meals', N'Good'),
(83, 273, N'Hygiene Kits', N'Clothing', 27, N'kg', 74.46, N'Hygiene', N'New'),
(84, 273, N'School Supplies', N'Clothing', 24, N'kg', 352.54, N'Education', N'Good'),
(85, 275, N'Furniture', N'Food', 12, N'boxes', 1015.6, N'Shelter', N'Good'),
(86, 285, N'Rice', N'Supplies', 11, N'pcs', 615.11, N'Health', N'New'),
(87, 287, N'Rice', N'Hygiene', 13, N'kg', 695.28, N'Shelter', N'New'),
(88, 287, N'Books', N'Clothing', 20, N'kg', 33.86, N'Hygiene', N'Good'),
(89, 292, N'Rice', N'Hygiene', 4, N'pcs', 808.85, N'Shelter', N'New'),
(90, 292, N'Medicines', N'Supplies', 24, N'packs', 376.49, N'Meals', N'New'),
(91, 293, N'Medicines', N'Clothing', 12, N'packs', 388.92, N'Education', N'New'),
(92, 298, N'Bags', N'Supplies', 11, N'sets', 731.53, N'Education', N'New'),
(93, 298, N'Blankets', N'Medical', 7, N'kg', 102.56, N'Health', N'Good'),
(94, 299, N'Rice', N'Clothing', 15, N'boxes', 706.58, N'Health', N'New'),
(95, 304, N'Medicines', N'SchoolMaterials', 29, N'packs', 878.9, N'Hygiene', N'New'),
(96, 306, N'Furniture', N'Food', 22, N'sets', 1009.03, N'Hygiene', N'New'),
(97, 308, N'Books', N'Clothing', 16, N'boxes', 1050.44, N'Hygiene', N'Fair'),
(98, 308, N'Blankets', N'Furniture', 29, N'sets', 1165.36, N'Meals', N'New'),
(99, 309, N'Rice', N'Medical', 13, N'kg', 189.09, N'Health', N'New'),
(100, 312, N'Books', N'Furniture', 7, N'kg', 1008.32, N'Meals', N'New'),
(101, 312, N'Hygiene Kits', N'SchoolMaterials', 12, N'sets', 355.82, N'Shelter', N'New'),
(102, 313, N'Books', N'SchoolMaterials', 29, N'boxes', 474.27, N'Hygiene', N'New'),
(103, 313, N'School Supplies', N'SchoolMaterials', 4, N'sets', 851.19, N'Meals', N'New'),
(104, 313, N'Medicines', N'SchoolMaterials', 7, N'kg', 174.74, N'Meals', N'New'),
(105, 315, N'Medicines', N'Supplies', 18, N'kg', 910.39, N'Meals', N'Good'),
(106, 320, N'Furniture', N'Medical', 4, N'kg', 86.03, N'Education', N'New'),
(107, 322, N'Furniture', N'Food', 18, N'pcs', 776.36, N'Hygiene', N'New'),
(108, 327, N'Books', N'Clothing', 14, N'sets', 187.34, N'Meals', N'Good'),
(109, 331, N'Rice', N'Hygiene', 15, N'boxes', 88.6, N'Shelter', N'New'),
(110, 337, N'Furniture', N'Clothing', 22, N'packs', 658.92, N'Meals', N'New'),
(111, 337, N'School Supplies', N'Supplies', 20, N'pcs', 596.36, N'Meals', N'New'),
(112, 342, N'Hygiene Kits', N'Clothing', 17, N'boxes', 455.07, N'Shelter', N'New'),
(113, 342, N'Uniforms', N'Medical', 14, N'packs', 578.05, N'Shelter', N'New'),
(114, 348, N'School Supplies', N'Supplies', 5, N'pcs', 109.62, N'Shelter', N'New'),
(115, 348, N'Rice', N'Medical', 18, N'pcs', 653.14, N'Health', N'New'),
(116, 349, N'Blankets', N'Supplies', 10, N'packs', 813.7, N'Hygiene', N'New'),
(117, 356, N'Bags', N'Clothing', 25, N'sets', 334.07, N'Education', N'Fair'),
(118, 367, N'Furniture', N'Medical', 15, N'packs', 1007.62, N'Health', N'New'),
(119, 385, N'Medicines', N'SchoolMaterials', 16, N'packs', 778.65, N'Education', N'New'),
(120, 386, N'Uniforms', N'Food', 11, N'kg', 793.8, N'Shelter', N'Good'),
(121, 388, N'Furniture', N'Food', 1, N'packs', 125.76, N'Health', N'Good'),
(122, 389, N'Uniforms', N'Clothing', 21, N'pcs', 794.85, N'Health', N'Fair'),
(123, 393, N'Books', N'Supplies', 28, N'kg', 212.68, N'Meals', N'New'),
(124, 397, N'Books', N'Furniture', 3, N'kg', 135.87, N'Shelter', N'New'),
(125, 402, N'Furniture', N'Medical', 21, N'boxes', 129.71, N'Hygiene', N'New'),
(126, 410, N'Blankets', N'Hygiene', 7, N'boxes', 727.26, N'Education', N'New'),
(127, 414, N'Rice', N'Supplies', 12, N'pcs', 329.96, N'Meals', N'New'),
(128, 419, N'Medicines', N'Medical', 25, N'kg', 677.44, N'Hygiene', N'New'),
(129, 420, N'Bags', N'Supplies', 27, N'pcs', 525.15, N'Education', N'Good');
  IF EXISTS (SELECT 1 FROM sys.identity_columns WHERE object_id = OBJECT_ID(N'dbo.in_kind_donation_items')) EXEC('SET IDENTITY_INSERT dbo.in_kind_donation_items OFF');
END

-- donation_allocations
IF OBJECT_ID(N'dbo.donation_allocations', N'U') IS NOT NULL
BEGIN
  IF EXISTS (SELECT 1 FROM sys.identity_columns WHERE object_id = OBJECT_ID(N'dbo.donation_allocations')) EXEC('SET IDENTITY_INSERT dbo.donation_allocations ON');
  INSERT INTO dbo.[donation_allocations] ([allocation_id], [donation_id], [safehouse_id], [program_area], [amount_allocated], [allocation_date], [allocation_notes]) VALUES
(1, 1, 2, N'Education', 717.18, N'2025-12-31', NULL),
(2, 2, 4, N'Transport', 35.15, N'2025-12-02', NULL),
(3, 3, 8, N'Wellbeing', 1074.65, N'2024-12-02', NULL),
(4, 4, 9, N'Operations', 799.86, N'2023-09-11', NULL),
(5, 5, 8, N'Operations', 1177.41, N'2023-11-08', NULL),
(6, 6, 7, N'Transport', 678.86, N'2025-09-18', NULL),
(7, 7, 3, N'Wellbeing', 18.77, N'2024-12-14', NULL),
(8, 7, 5, N'Operations', 18.77, N'2024-12-14', NULL),
(9, 8, 4, N'Wellbeing', 600.64, N'2024-11-21', NULL),
(10, 9, 6, N'Outreach', 911.84, N'2023-09-25', NULL),
(11, 10, 3, N'Maintenance', 1677.73, N'2023-04-16', NULL),
(12, 11, 3, N'Education', 11.39, N'2023-02-10', NULL),
(13, 12, 4, N'Education', 1773.19, N'2024-11-20', NULL),
(14, 13, 1, N'Wellbeing', 433.32, N'2025-08-30', NULL),
(15, 14, 4, N'Transport', 1541.75, N'2025-10-07', NULL),
(16, 15, 3, N'Education', 150.0, N'2023-07-02', NULL),
(17, 15, 8, N'Operations', 150.0, N'2023-07-02', NULL),
(18, 16, 7, N'Transport', 4026.84, N'2024-10-25', NULL),
(19, 17, 9, N'Transport', 2.79, N'2023-08-11', NULL),
(20, 18, 3, N'Maintenance', 17.79, N'2026-01-06', NULL),
(21, 19, 3, N'Operations', 171.48, N'2026-03-01', NULL),
(22, 19, 8, N'Outreach', 171.48, N'2026-03-01', NULL),
(23, 20, 2, N'Wellbeing', 962.42, N'2023-08-31', NULL),
(24, 21, 5, N'Operations', 1345.15, N'2024-01-13', NULL),
(25, 22, 4, N'Education', 1109.83, N'2025-11-13', NULL),
(26, 23, 9, N'Education', 13.94, N'2024-02-06', NULL),
(27, 24, 5, N'Education', 3.05, N'2023-04-27', NULL),
(28, 25, 9, N'Education', 1167.71, N'2024-11-04', NULL),
(29, 26, 2, N'Operations', 541.93, N'2025-09-28', NULL),
(30, 26, 4, N'Transport', 541.93, N'2025-09-28', NULL),
(31, 27, 9, N'Operations', 537.5, N'2023-10-19', NULL),
(32, 28, 8, N'Operations', 5.63, N'2025-06-15', NULL),
(33, 28, 8, N'Education', 5.63, N'2025-06-15', NULL),
(34, 29, 4, N'Wellbeing', 1014.15, N'2023-12-26', NULL),
(35, 30, 5, N'Transport', 439.51, N'2023-03-15', NULL),
(36, 31, 6, N'Operations', 32.95, N'2025-01-24', NULL),
(37, 32, 4, N'Education', 12.59, N'2024-01-18', NULL),
(38, 33, 5, N'Outreach', 1432.02, N'2025-01-12', NULL),
(39, 34, 4, N'Education', 938.45, N'2025-12-28', NULL),
(40, 35, 6, N'Wellbeing', 826.28, N'2023-03-15', NULL),
(41, 36, 9, N'Outreach', 498.09, N'2023-11-06', NULL),
(42, 37, 4, N'Transport', 1104.16, N'2023-07-25', NULL),
(43, 38, 4, N'Education', 568.91, N'2025-07-15', NULL),
(44, 39, 6, N'Education', 437.14, N'2025-04-28', NULL),
(45, 40, 5, N'Operations', 2.6, N'2023-02-02', NULL),
(46, 41, 5, N'Transport', 31.14, N'2025-03-26', NULL),
(47, 42, 5, N'Operations', 5.93, N'2023-03-22', NULL),
(48, 42, 4, N'Education', 5.93, N'2023-03-22', NULL),
(49, 43, 9, N'Education', 195.0, N'2025-11-03', NULL),
(50, 44, 2, N'Outreach', 313.53, N'2023-09-13', NULL),
(51, 45, 2, N'Transport', 4.08, N'2025-11-12', NULL),
(52, 45, 9, N'Wellbeing', 2.65, N'2025-11-12', NULL),
(53, 46, 8, N'Transport', 1011.03, N'2023-12-20', NULL),
(54, 46, 1, N'Operations', 1011.03, N'2023-12-20', NULL),
(55, 47, 2, N'Wellbeing', 857.65, N'2024-10-25', NULL),
(56, 48, 1, N'Outreach', 300.0, N'2023-11-10', NULL),
(57, 49, 8, N'Wellbeing', 355.62, N'2025-11-23', NULL),
(58, 49, 1, N'Operations', 355.62, N'2025-11-23', NULL),
(59, 50, 1, N'Wellbeing', 436.4, N'2023-08-12', NULL),
(60, 51, 3, N'Transport', 168.29, N'2024-10-18', NULL),
(61, 51, 5, N'Operations', 168.29, N'2024-10-18', NULL),
(62, 52, 7, N'Transport', 19.07, N'2023-02-24', NULL),
(63, 53, 9, N'Transport', 3.4, N'2023-11-03', NULL),
(64, 54, 3, N'Operations', 675.66, N'2024-09-15', NULL),
(65, 55, 6, N'Operations', 2.66, N'2023-03-13', NULL),
(66, 56, 9, N'Operations', 923.53, N'2024-03-27', NULL),
(67, 57, 4, N'Wellbeing', 1226.51, N'2023-12-27', NULL),
(68, 58, 5, N'Wellbeing', 1149.13, N'2024-10-18', NULL),
(69, 59, 4, N'Transport', 12.58, N'2024-12-29', NULL),
(70, 60, 3, N'Wellbeing', 658.36, N'2024-10-22', NULL),
(71, 61, 6, N'Education', 684.92, N'2025-10-24', NULL),
(72, 61, 2, N'Outreach', 684.92, N'2025-10-24', NULL),
(73, 62, 1, N'Wellbeing', 1392.1, N'2024-01-08', NULL),
(74, 63, 9, N'Transport', 594.72, N'2026-02-27', NULL),
(75, 64, 3, N'Transport', 892.83, N'2025-10-05', NULL),
(76, 65, 2, N'Wellbeing', 630.81, N'2024-05-16', NULL),
(77, 66, 1, N'Education', 1623.68, N'2024-10-11', NULL),
(78, 67, 6, N'Outreach', 20.42, N'2024-08-31', NULL),
(79, 68, 3, N'Wellbeing', 300.0, N'2024-03-04', NULL),
(80, 69, 2, N'Outreach', 396.32, N'2025-10-28', NULL),
(81, 70, 4, N'Wellbeing', 444.97, N'2023-09-12', NULL),
(82, 71, 8, N'Wellbeing', 4.54, N'2023-06-25', NULL),
(83, 71, 5, N'Maintenance', 4.54, N'2023-06-25', NULL),
(84, 72, 9, N'Wellbeing', 329.02, N'2023-01-17', NULL),
(85, 73, 8, N'Education', 1967.06, N'2025-12-08', NULL),
(86, 74, 4, N'Outreach', 300.0, N'2023-04-09', NULL),
(87, 75, 8, N'Operations', 10.09, N'2023-05-10', NULL),
(88, 76, 3, N'Maintenance', 9.57, N'2023-12-07', NULL),
(89, 76, 6, N'Wellbeing', 9.57, N'2023-12-07', NULL),
(90, 77, 3, N'Wellbeing', 395.95, N'2025-02-03', NULL),
(91, 78, 1, N'Education', 21.67, N'2023-06-19', NULL),
(92, 79, 5, N'Outreach', 4.65, N'2024-01-17', NULL),
(93, 80, 6, N'Operations', 1997.7, N'2025-07-18', NULL),
(94, 81, 3, N'Education', 295.79, N'2024-09-19', NULL),
(95, 82, 5, N'Transport', 250.0, N'2025-05-11', NULL),
(96, 83, 8, N'Wellbeing', 489.6, N'2024-01-17', NULL),
(97, 84, 3, N'Education', 527.51, N'2025-09-13', NULL),
(98, 85, 6, N'Operations', 502.9, N'2023-06-02', NULL),
(99, 86, 3, N'Operations', 2160.9, N'2024-08-07', NULL),
(100, 87, 3, N'Maintenance', 423.77, N'2024-06-07', NULL),
(101, 88, 3, N'Outreach', 577.02, N'2024-08-20', NULL),
(102, 89, 4, N'Operations', 1461.45, N'2025-04-07', NULL),
(103, 90, 6, N'Maintenance', 235.31, N'2024-10-12', NULL),
(104, 90, 2, N'Wellbeing', 235.31, N'2024-10-12', NULL),
(105, 91, 1, N'Transport', 464.59, N'2024-04-26', NULL),
(106, 92, 1, N'Education', 285.45, N'2025-10-16', NULL),
(107, 93, 7, N'Maintenance', 767.63, N'2024-05-04', NULL),
(108, 94, 8, N'Operations', 413.82, N'2025-03-06', NULL),
(109, 95, 9, N'Wellbeing', 2073.31, N'2025-08-12', NULL),
(110, 96, 8, N'Education', 2439.57, N'2025-03-03', NULL),
(111, 97, 9, N'Operations', 250.97, N'2023-03-18', NULL),
(112, 98, 5, N'Operations', 5.92, N'2023-02-02', NULL),
(113, 99, 1, N'Transport', 583.6, N'2023-07-08', NULL),
(114, 99, 1, N'Operations', 583.6, N'2023-07-08', NULL),
(115, 100, 2, N'Education', 1036.3, N'2023-05-11', NULL),
(116, 101, 9, N'Education', 162.5, N'2023-08-14', NULL),
(117, 102, 9, N'Maintenance', 382.17, N'2024-07-21', NULL),
(118, 103, 8, N'Outreach', 447.5, N'2025-11-09', NULL),
(119, 104, 5, N'Education', 245.24, N'2025-11-23', NULL),
(120, 104, 8, N'Wellbeing', 245.24, N'2025-11-23', NULL),
(121, 105, 4, N'Wellbeing', 787.53, N'2025-04-22', NULL),
(122, 106, 1, N'Operations', 1534.69, N'2025-03-15', NULL),
(123, 107, 3, N'Wellbeing', 30.16, N'2024-11-21', NULL),
(124, 108, 2, N'Wellbeing', 732.46, N'2025-05-07', NULL),
(125, 109, 3, N'Outreach', 329.79, N'2024-10-09', NULL),
(126, 110, 3, N'Education', 675.17, N'2023-03-23', NULL),
(127, 110, 9, N'Operations', 438.86, N'2023-03-23', NULL),
(128, 111, 2, N'Wellbeing', 18.82, N'2023-11-02', NULL),
(129, 112, 3, N'Wellbeing', 999.49, N'2024-04-13', NULL),
(130, 113, 2, N'Operations', 3.02, N'2023-12-03', NULL),
(131, 113, 2, N'Education', 3.02, N'2023-12-03', NULL),
(132, 114, 4, N'Outreach', 486.04, N'2023-12-28', NULL),
(133, 115, 1, N'Wellbeing', 1788.92, N'2023-06-03', NULL),
(134, 116, 8, N'Maintenance', 622.51, N'2024-11-10', NULL),
(135, 117, 2, N'Maintenance', 11.04, N'2024-10-26', NULL),
(136, 117, 4, N'Wellbeing', 11.04, N'2024-10-26', NULL),
(137, 118, 8, N'Transport', 11.45, N'2023-12-08', NULL),
(138, 119, 2, N'Education', 1510.08, N'2025-07-17', NULL),
(139, 120, 6, N'Education', 12.17, N'2023-09-25', NULL),
(140, 120, 1, N'Operations', 12.17, N'2023-09-25', NULL),
(141, 121, 7, N'Maintenance', 1244.53, N'2025-07-04', NULL),
(142, 122, 5, N'Transport', 516.02, N'2023-12-10', NULL),
(143, 122, 1, N'Operations', 516.02, N'2023-12-10', NULL),
(144, 123, 6, N'Operations', 878.72, N'2023-05-21', NULL),
(145, 123, 9, N'Transport', 571.17, N'2023-05-21', NULL),
(146, 124, 7, N'Operations', 240.08, N'2024-02-15', NULL),
(147, 124, 2, N'Operations', 240.08, N'2024-02-15', NULL),
(148, 125, 4, N'Education', 9.94, N'2023-03-04', NULL),
(149, 126, 4, N'Operations', 329.29, N'2024-11-28', NULL),
(150, 126, 4, N'Transport', 329.29, N'2024-11-28', NULL),
(151, 127, 7, N'Operations', 460.56, N'2023-08-22', NULL),
(152, 128, 4, N'Operations', 7.43, N'2024-11-09', NULL),
(153, 129, 3, N'Maintenance', 421.11, N'2023-11-11', NULL),
(154, 130, 6, N'Operations', 971.69, N'2025-03-04', NULL),
(155, 131, 9, N'Education', 388.66, N'2024-07-09', NULL),
(156, 131, 8, N'Wellbeing', 597.95, N'2024-07-09', NULL),
(157, 132, 8, N'Maintenance', 9.38, N'2025-10-14', NULL),
(158, 132, 9, N'Operations', 6.1, N'2025-10-14', NULL),
(159, 133, 7, N'Education', 504.86, N'2025-10-02', NULL),
(160, 134, 4, N'Education', 416.51, N'2024-05-22', NULL),
(161, 135, 2, N'Outreach', 616.42, N'2023-01-09', NULL),
(162, 136, 6, N'Operations', 695.12, N'2024-09-15', NULL),
(163, 137, 6, N'Wellbeing', 2.62, N'2026-01-18', NULL),
(164, 137, 3, N'Transport', 2.62, N'2026-01-18', NULL),
(165, 138, 9, N'Education', 195.0, N'2024-11-26', NULL),
(166, 139, 4, N'Wellbeing', 1321.41, N'2025-04-30', NULL),
(167, 140, 3, N'Operations', 304.75, N'2024-11-24', NULL),
(168, 141, 6, N'Maintenance', 318.57, N'2024-02-08', NULL),
(169, 142, 4, N'Transport', 1071.26, N'2025-01-12', NULL),
(170, 143, 2, N'Wellbeing', 503.75, N'2025-10-29', NULL),
(171, 144, 7, N'Operations', 182.41, N'2025-06-15', NULL),
(172, 144, 2, N'Education', 182.41, N'2025-06-15', NULL),
(173, 145, 8, N'Wellbeing', 387.31, N'2023-03-25', NULL),
(174, 145, 4, N'Maintenance', 387.31, N'2023-03-25', NULL),
(175, 146, 1, N'Maintenance', 476.64, N'2024-02-06', NULL),
(176, 147, 2, N'Outreach', 11.51, N'2025-08-05', NULL),
(177, 148, 1, N'Maintenance', 19.2, N'2023-07-23', NULL),
(178, 149, 4, N'Education', 300.0, N'2023-10-20', NULL),
(179, 150, 4, N'Outreach', 853.82, N'2024-10-03', NULL),
(180, 150, 3, N'Education', 853.82, N'2024-10-03', NULL),
(181, 151, 2, N'Wellbeing', 436.93, N'2025-07-18', NULL),
(182, 152, 1, N'Maintenance', 250.0, N'2024-09-02', NULL),
(183, 153, 2, N'Operations', 4.89, N'2023-07-02', NULL),
(184, 154, 9, N'Outreach', 97.5, N'2024-10-14', NULL),
(185, 154, 4, N'Transport', 150.0, N'2024-10-14', NULL),
(186, 155, 1, N'Maintenance', 716.99, N'2025-09-23', NULL),
(187, 156, 5, N'Wellbeing', 1024.06, N'2024-12-06', NULL),
(188, 157, 5, N'Maintenance', 5.85, N'2024-12-06', NULL),
(189, 158, 4, N'Education', 303.45, N'2023-06-24', NULL),
(190, 158, 1, N'Transport', 303.45, N'2023-06-24', NULL),
(191, 159, 3, N'Operations', 325.06, N'2023-08-27', NULL),
(192, 160, 7, N'Education', 903.39, N'2024-11-08', NULL),
(193, 161, 6, N'Transport', 1042.36, N'2024-10-17', NULL),
(194, 162, 5, N'Transport', 15.36, N'2023-10-29', NULL),
(195, 162, 3, N'Operations', 15.36, N'2023-10-29', NULL),
(196, 163, 2, N'Wellbeing', 710.26, N'2025-01-07', NULL),
(197, 164, 5, N'Education', 971.81, N'2024-08-04', NULL),
(198, 165, 3, N'Education', 169.46, N'2023-01-22', NULL),
(199, 165, 5, N'Operations', 169.46, N'2023-01-22', NULL),
(200, 166, 1, N'Wellbeing', 1604.45, N'2025-07-29', NULL),
(201, 166, 8, N'Transport', 1604.45, N'2025-07-29', NULL),
(202, 167, 6, N'Education', 212.52, N'2025-08-10', NULL),
(203, 167, 3, N'Maintenance', 212.52, N'2025-08-10', NULL),
(204, 168, 1, N'Wellbeing', 8.95, N'2024-12-17', NULL),
(205, 168, 8, N'Wellbeing', 8.95, N'2024-12-17', NULL),
(206, 169, 8, N'Operations', 357.02, N'2026-02-24', NULL),
(207, 170, 8, N'Transport', 13.68, N'2025-12-30', NULL),
(208, 171, 4, N'Education', 469.97, N'2023-05-30', NULL),
(209, 172, 7, N'Wellbeing', 801.17, N'2024-12-20', NULL),
(210, 173, 2, N'Operations', 784.78, N'2023-10-31', NULL),
(211, 173, 4, N'Maintenance', 784.78, N'2023-10-31', NULL),
(212, 174, 7, N'Operations', 1564.35, N'2025-11-22', NULL),
(213, 175, 4, N'Outreach', 12.57, N'2025-03-05', NULL),
(214, 176, 8, N'Transport', 9.18, N'2025-04-04', NULL),
(215, 177, 7, N'Operations', 1732.45, N'2023-11-26', NULL),
(216, 178, 2, N'Transport', 2261.72, N'2025-12-16', NULL),
(217, 179, 2, N'Operations', 1021.77, N'2023-04-24', NULL),
(218, 180, 8, N'Operations', 1177.6, N'2024-08-17', NULL),
(219, 181, 3, N'Wellbeing', 201.88, N'2023-12-03', NULL),
(220, 181, 6, N'Wellbeing', 201.88, N'2023-12-03', NULL),
(221, 182, 2, N'Education', 125.0, N'2024-06-16', NULL),
(222, 182, 4, N'Wellbeing', 125.0, N'2024-06-16', NULL),
(223, 183, 3, N'Operations', 638.62, N'2024-03-13', NULL),
(224, 184, 4, N'Education', 308.56, N'2025-08-15', NULL),
(225, 184, 8, N'Operations', 308.56, N'2025-08-15', NULL),
(226, 185, 3, N'Maintenance', 6481.54, N'2024-12-01', NULL),
(227, 186, 2, N'Maintenance', 7.08, N'2025-04-20', NULL),
(228, 187, 5, N'Education', 307.52, N'2025-10-19', NULL),
(229, 188, 4, N'Education', 1061.85, N'2025-01-01', NULL),
(230, 189, 7, N'Operations', 1223.21, N'2025-10-23', NULL),
(231, 190, 3, N'Transport', 519.43, N'2023-07-19', NULL),
(232, 190, 8, N'Wellbeing', 519.43, N'2023-07-19', NULL),
(233, 191, 1, N'Operations', 453.66, N'2023-03-10', NULL),
(234, 192, 8, N'Education', 262.66, N'2023-10-14', NULL),
(235, 192, 8, N'Wellbeing', 262.66, N'2023-10-14', NULL),
(236, 193, 9, N'Wellbeing', 2.94, N'2024-05-31', NULL),
(237, 194, 6, N'Education', 529.53, N'2025-02-28', NULL),
(238, 195, 5, N'Education', 412.91, N'2026-02-14', NULL),
(239, 196, 1, N'Maintenance', 735.7, N'2024-10-06', NULL),
(240, 197, 8, N'Education', 4.75, N'2023-12-15', NULL),
(241, 198, 5, N'Education', 813.27, N'2025-01-21', NULL),
(242, 199, 6, N'Education', 26.27, N'2023-08-26', NULL),
(243, 200, 3, N'Education', 20.62, N'2023-08-22', NULL),
(244, 201, 8, N'Transport', 345.68, N'2023-01-15', NULL),
(245, 201, 2, N'Education', 345.68, N'2023-01-15', NULL),
(246, 202, 7, N'Operations', 577.74, N'2025-12-17', NULL),
(247, 202, 9, N'Outreach', 375.53, N'2025-12-17', NULL),
(248, 203, 4, N'Operations', 125.0, N'2025-02-11', NULL),
(249, 203, 4, N'Wellbeing', 125.0, N'2025-02-11', NULL),
(250, 204, 9, N'Maintenance', 478.15, N'2025-10-13', NULL),
(251, 205, 6, N'Maintenance', 1337.07, N'2024-01-07', NULL),
(252, 206, 4, N'Transport', 812.03, N'2024-12-28', NULL),
(253, 207, 5, N'Education', 17.39, N'2023-05-04', NULL),
(254, 208, 1, N'Outreach', 1160.53, N'2023-11-23', NULL),
(255, 209, 2, N'Operations', 12.44, N'2025-07-22', NULL),
(256, 210, 6, N'Operations', 179.93, N'2024-01-26', NULL),
(257, 210, 5, N'Outreach', 179.93, N'2024-01-26', NULL),
(258, 211, 5, N'Transport', 4.15, N'2023-04-23', NULL),
(259, 212, 1, N'Operations', 697.89, N'2023-11-03', NULL),
(260, 212, 2, N'Education', 697.89, N'2023-11-03', NULL),
(261, 213, 6, N'Maintenance', 413.32, N'2025-01-08', NULL),
(262, 214, 1, N'Wellbeing', 5.98, N'2025-01-04', NULL),
(263, 215, 1, N'Transport', 667.96, N'2023-08-20', NULL),
(264, 216, 3, N'Wellbeing', 633.01, N'2025-04-01', NULL),
(265, 217, 3, N'Education', 1179.47, N'2024-11-11', NULL),
(266, 218, 6, N'Operations', 376.97, N'2024-12-11', NULL),
(267, 219, 3, N'Operations', 409.44, N'2025-02-15', NULL),
(268, 220, 8, N'Wellbeing', 836.04, N'2025-08-24', NULL),
(269, 221, 5, N'Operations', 300.0, N'2023-03-29', NULL),
(270, 222, 1, N'Operations', 482.86, N'2024-06-30', NULL),
(271, 223, 7, N'Maintenance', 400.04, N'2023-08-11', NULL),
(272, 223, 2, N'Operations', 400.04, N'2023-08-11', NULL),
(273, 224, 8, N'Operations', 593.89, N'2025-11-12', NULL),
(274, 225, 3, N'Operations', 650.1, N'2024-10-24', NULL),
(275, 226, 4, N'Operations', 151.15, N'2025-03-10', NULL),
(276, 226, 8, N'Maintenance', 151.15, N'2025-03-10', NULL),
(277, 227, 4, N'Education', 526.91, N'2024-11-18', NULL),
(278, 227, 5, N'Outreach', 526.91, N'2024-11-18', NULL),
(279, 228, 2, N'Operations', 721.33, N'2023-04-17', NULL),
(280, 229, 9, N'Operations', 380.5, N'2025-08-21', NULL),
(281, 229, 2, N'Transport', 585.39, N'2025-08-21', NULL),
(282, 230, 3, N'Wellbeing', 1074.37, N'2026-01-20', NULL),
(283, 230, 2, N'Education', 1074.37, N'2026-01-20', NULL),
(284, 231, 8, N'Outreach', 1051.92, N'2024-12-28', NULL),
(285, 231, 3, N'Education', 1051.92, N'2024-12-28', NULL),
(286, 232, 8, N'Outreach', 979.58, N'2025-05-11', NULL),
(287, 232, 9, N'Maintenance', 636.73, N'2025-05-11', NULL),
(288, 233, 8, N'Operations', 2.9, N'2024-08-28', NULL),
(289, 233, 4, N'Maintenance', 2.9, N'2024-08-28', NULL),
(290, 234, 3, N'Education', 2104.72, N'2023-10-07', NULL),
(291, 235, 9, N'Wellbeing', 503.1, N'2023-08-01', NULL),
(292, 235, 2, N'Operations', 774.0, N'2023-08-01', NULL),
(293, 236, 8, N'Transport', 388.04, N'2026-01-05', NULL),
(294, 237, 2, N'Wellbeing', 1333.62, N'2025-11-24', NULL),
(295, 237, 1, N'Education', 1333.62, N'2025-11-24', NULL),
(296, 238, 7, N'Education', 4213.58, N'2025-08-19', NULL),
(297, 239, 9, N'Education', 162.5, N'2025-11-23', NULL),
(298, 240, 2, N'Maintenance', 825.07, N'2024-11-11', NULL),
(299, 240, 6, N'Education', 825.07, N'2024-11-11', NULL),
(300, 241, 4, N'Operations', 300.0, N'2025-12-21', NULL),
(301, 242, 8, N'Maintenance', 419.25, N'2024-09-10', NULL),
(302, 243, 2, N'Wellbeing', 489.55, N'2025-09-10', NULL),
(303, 244, 1, N'Education', 935.56, N'2023-08-05', NULL),
(304, 245, 7, N'Wellbeing', 816.8, N'2025-02-06', NULL),
(305, 245, 8, N'Outreach', 816.8, N'2025-02-06', NULL),
(306, 246, 4, N'Wellbeing', 1223.82, N'2024-08-03', NULL),
(307, 246, 7, N'Wellbeing', 1223.82, N'2024-08-03', NULL),
(308, 247, 1, N'Wellbeing', 283.99, N'2023-05-23', NULL),
(309, 247, 7, N'Wellbeing', 283.99, N'2023-05-23', NULL),
(310, 248, 3, N'Operations', 756.8, N'2025-05-26', NULL),
(311, 249, 1, N'Education', 808.8, N'2025-07-18', NULL),
(312, 250, 5, N'Maintenance', 689.85, N'2026-02-19', NULL),
(313, 251, 9, N'Transport', 659.39, N'2023-12-20', NULL),
(314, 251, 3, N'Wellbeing', 1014.45, N'2023-12-20', NULL),
(315, 252, 6, N'Outreach', 3.69, N'2025-08-11', NULL),
(316, 252, 7, N'Education', 3.69, N'2025-08-11', NULL),
(317, 253, 6, N'Transport', 29.54, N'2023-06-13', NULL),
(318, 254, 8, N'Operations', 419.11, N'2023-12-06', NULL),
(319, 254, 4, N'Operations', 419.11, N'2023-12-06', NULL),
(320, 255, 1, N'Operations', 1295.61, N'2024-09-03', NULL),
(321, 256, 3, N'Wellbeing', 1504.94, N'2024-11-13', NULL),
(322, 257, 1, N'Maintenance', 671.26, N'2025-03-31', NULL),
(323, 258, 1, N'Transport', 626.97, N'2025-08-28', NULL),
(324, 259, 8, N'Transport', 380.15, N'2024-09-10', NULL),
(325, 260, 1, N'Operations', 508.55, N'2024-04-11', NULL),
(326, 260, 2, N'Maintenance', 508.55, N'2024-04-11', NULL),
(327, 261, 8, N'Transport', 5.45, N'2023-01-16', NULL),
(328, 262, 6, N'Education', 341.77, N'2023-04-26', NULL),
(329, 262, 1, N'Operations', 341.77, N'2023-04-26', NULL),
(330, 263, 6, N'Wellbeing', 537.37, N'2025-12-06', NULL),
(331, 264, 3, N'Maintenance', 300.0, N'2024-02-28', NULL),
(332, 265, 3, N'Education', 344.86, N'2025-08-10', NULL),
(333, 266, 7, N'Transport', 374.1, N'2023-07-27', NULL),
(334, 267, 7, N'Education', 694.07, N'2023-02-22', NULL),
(335, 268, 1, N'Transport', 300.0, N'2023-11-06', NULL),
(336, 269, 1, N'Outreach', 314.15, N'2024-11-15', NULL),
(337, 270, 4, N'Operations', 603.87, N'2023-04-14', NULL),
(338, 271, 5, N'Outreach', 687.39, N'2023-07-16', NULL),
(339, 271, 9, N'Education', 446.81, N'2023-07-16', NULL),
(340, 272, 3, N'Outreach', 427.1, N'2024-06-15', NULL),
(341, 273, 9, N'Education', 355.71, N'2024-05-30', NULL),
(342, 274, 3, N'Education', 1000.5, N'2023-09-03', NULL),
(343, 275, 1, N'Transport', 463.82, N'2025-03-13', NULL),
(344, 276, 8, N'Operations', 707.04, N'2026-02-03', NULL),
(345, 277, 9, N'Outreach', 223.34, N'2023-10-03', NULL),
(346, 278, 2, N'Transport', 655.63, N'2024-04-24', NULL),
(347, 279, 1, N'Transport', 207.56, N'2024-12-05', NULL),
(348, 279, 6, N'Operations', 207.56, N'2024-12-05', NULL),
(349, 280, 3, N'Wellbeing', 583.05, N'2025-11-20', NULL),
(350, 281, 9, N'Wellbeing', 1.7, N'2025-11-03', NULL),
(351, 282, 5, N'Wellbeing', 7.53, N'2024-04-28', NULL),
(352, 283, 3, N'Transport', 330.63, N'2023-07-02', NULL),
(353, 284, 4, N'Maintenance', 19.4, N'2026-02-11', NULL),
(354, 285, 5, N'Outreach', 564.36, N'2025-07-17', NULL),
(355, 286, 8, N'Operations', 2496.61, N'2023-12-29', NULL),
(356, 287, 3, N'Operations', 736.22, N'2024-02-15', NULL),
(357, 288, 8, N'Transport', 287.16, N'2025-08-31', NULL),
(358, 288, 9, N'Wellbeing', 186.65, N'2025-08-31', NULL),
(359, 289, 2, N'Operations', 8.27, N'2024-04-16', NULL),
(360, 290, 6, N'Wellbeing', 11.61, N'2023-03-18', NULL),
(361, 291, 7, N'Outreach', 193.0, N'2025-04-08', NULL),
(362, 291, 2, N'Wellbeing', 193.0, N'2025-04-08', NULL),
(363, 292, 9, N'Operations', 102.67, N'2023-06-12', NULL),
(364, 292, 1, N'Operations', 157.96, N'2023-06-12', NULL),
(365, 293, 3, N'Transport', 372.94, N'2025-05-08', NULL),
(366, 294, 2, N'Wellbeing', 20.96, N'2025-12-14', NULL),
(367, 295, 3, N'Education', 663.94, N'2023-07-01', NULL),
(368, 296, 4, N'Transport', 286.8, N'2024-07-10', NULL),
(369, 296, 2, N'Operations', 286.8, N'2024-07-10', NULL),
(370, 297, 3, N'Outreach', 320.08, N'2026-02-02', NULL),
(371, 298, 1, N'Operations', 659.78, N'2026-01-22', NULL),
(372, 299, 3, N'Outreach', 300.0, N'2025-10-02', NULL),
(373, 300, 3, N'Transport', 2263.85, N'2023-12-17', NULL),
(374, 301, 8, N'Wellbeing', 2.2, N'2025-12-30', NULL),
(375, 302, 2, N'Education', 575.66, N'2025-11-23', NULL),
(376, 302, 3, N'Transport', 575.66, N'2025-11-23', NULL),
(377, 303, 6, N'Education', 1752.44, N'2024-07-14', NULL),
(378, 304, 9, N'Operations', 195.0, N'2025-10-03', NULL),
(379, 305, 9, N'Education', 13.3, N'2025-03-12', NULL),
(380, 306, 5, N'Education', 175.09, N'2023-09-18', NULL),
(381, 306, 6, N'Education', 175.09, N'2023-09-18', NULL),
(382, 307, 3, N'Operations', 454.01, N'2024-06-30', NULL),
(383, 308, 7, N'Operations', 300.0, N'2026-01-01', NULL),
(384, 309, 1, N'Maintenance', 300.0, N'2023-11-19', NULL),
(385, 310, 6, N'Education', 5.72, N'2023-07-06', NULL),
(386, 311, 5, N'Wellbeing', 329.09, N'2025-09-23', NULL),
(387, 312, 9, N'Transport', 195.0, N'2024-11-29', NULL),
(388, 313, 3, N'Wellbeing', 154.47, N'2023-12-16', NULL),
(389, 313, 6, N'Wellbeing', 154.47, N'2023-12-16', NULL),
(390, 314, 2, N'Education', 512.03, N'2025-12-03', NULL),
(391, 315, 7, N'Operations', 1082.01, N'2025-10-18', NULL),
(392, 316, 8, N'Education', 11.13, N'2024-07-22', NULL),
(393, 316, 1, N'Wellbeing', 11.13, N'2024-07-22', NULL),
(394, 317, 5, N'Wellbeing', 25.93, N'2024-10-13', NULL),
(395, 318, 3, N'Wellbeing', 310.5, N'2025-06-16', NULL),
(396, 319, 4, N'Education', 196.66, N'2026-02-18', NULL),
(397, 319, 4, N'Education', 196.66, N'2026-02-18', NULL),
(398, 320, 6, N'Wellbeing', 506.71, N'2023-04-03', NULL),
(399, 321, 5, N'Wellbeing', 690.98, N'2024-10-25', NULL),
(400, 322, 9, N'Transport', 335.59, N'2025-07-17', NULL),
(401, 323, 1, N'Operations', 416.0, N'2024-04-08', NULL),
(402, 324, 2, N'Operations', 825.99, N'2023-11-07', NULL),
(403, 325, 1, N'Transport', 28.61, N'2025-11-08', NULL),
(404, 326, 3, N'Operations', 836.51, N'2023-03-01', NULL),
(405, 327, 1, N'Education', 811.72, N'2023-07-13', NULL),
(406, 328, 5, N'Education', 776.19, N'2024-01-27', NULL),
(407, 329, 5, N'Operations', 770.34, N'2024-06-22', NULL),
(408, 330, 4, N'Outreach', 716.84, N'2024-03-17', NULL),
(409, 331, 8, N'Education', 531.11, N'2023-10-03', NULL),
(410, 332, 7, N'Operations', 12.85, N'2025-03-15', NULL),
(411, 333, 2, N'Transport', 789.3, N'2023-05-29', NULL),
(412, 334, 1, N'Operations', 452.5, N'2023-04-12', NULL),
(413, 334, 4, N'Education', 452.5, N'2023-04-12', NULL),
(414, 335, 8, N'Wellbeing', 571.69, N'2023-03-20', NULL),
(415, 336, 2, N'Wellbeing', 197.94, N'2023-05-05', NULL),
(416, 336, 4, N'Operations', 197.94, N'2023-05-05', NULL),
(417, 337, 3, N'Education', 235.77, N'2024-09-17', NULL),
(418, 337, 6, N'Wellbeing', 235.77, N'2024-09-17', NULL),
(419, 338, 3, N'Operations', 250.0, N'2025-02-07', NULL),
(420, 339, 4, N'Education', 13.56, N'2023-12-25', NULL),
(421, 339, 3, N'Wellbeing', 13.56, N'2023-12-25', NULL),
(422, 340, 4, N'Transport', 9.31, N'2025-01-23', NULL),
(423, 341, 5, N'Transport', 1420.95, N'2023-03-22', NULL),
(424, 342, 1, N'Maintenance', 993.12, N'2024-10-08', NULL),
(425, 343, 2, N'Transport', 413.2, N'2023-05-08', NULL),
(426, 344, 3, N'Wellbeing', 741.25, N'2025-08-12', NULL),
(427, 345, 5, N'Outreach', 1940.26, N'2025-11-24', NULL),
(428, 346, 3, N'Education', 1604.35, N'2024-09-27', NULL),
(429, 347, 3, N'Operations', 13.89, N'2025-07-05', NULL),
(430, 348, 1, N'Wellbeing', 988.59, N'2025-07-14', NULL),
(431, 349, 3, N'Transport', 452.59, N'2024-12-02', NULL),
(432, 350, 5, N'Operations', 1215.82, N'2023-12-22', NULL),
(433, 351, 9, N'Operations', 657.71, N'2024-11-14', NULL),
(434, 352, 8, N'Outreach', 196.04, N'2023-04-09', NULL),
(435, 352, 9, N'Wellbeing', 127.43, N'2023-04-09', NULL),
(436, 353, 9, N'Wellbeing', 854.15, N'2023-12-20', NULL),
(437, 353, 7, N'Education', 1314.07, N'2023-12-20', NULL),
(438, 354, 2, N'Education', 11.56, N'2025-04-20', NULL),
(439, 355, 1, N'Wellbeing', 10.67, N'2025-11-20', NULL),
(440, 356, 6, N'Wellbeing', 612.89, N'2023-01-10', NULL),
(441, 357, 2, N'Operations', 1066.99, N'2025-06-25', NULL),
(442, 357, 4, N'Outreach', 1066.99, N'2025-06-25', NULL),
(443, 358, 4, N'Maintenance', 803.96, N'2023-06-02', NULL),
(444, 359, 9, N'Wellbeing', 659.54, N'2025-04-26', NULL),
(445, 360, 5, N'Maintenance', 9.67, N'2023-01-27', NULL),
(446, 361, 7, N'Outreach', 695.6, N'2023-03-08', NULL),
(447, 362, 8, N'Operations', 292.62, N'2024-12-08', NULL),
(448, 362, 5, N'Wellbeing', 292.62, N'2024-12-08', NULL),
(449, 363, 8, N'Education', 1812.47, N'2024-09-17', NULL),
(450, 364, 7, N'Education', 381.42, N'2025-09-02', NULL),
(451, 364, 8, N'Education', 381.42, N'2025-09-02', NULL),
(452, 365, 7, N'Operations', 11.16, N'2023-05-18', NULL),
(453, 366, 8, N'Transport', 915.05, N'2023-08-07', NULL),
(454, 367, 6, N'Wellbeing', 300.82, N'2023-06-08', NULL),
(455, 368, 1, N'Operations', 536.82, N'2023-03-30', NULL),
(456, 369, 4, N'Wellbeing', 538.29, N'2024-02-07', NULL),
(457, 369, 1, N'Operations', 538.29, N'2024-02-07', NULL),
(458, 370, 2, N'Operations', 2499.74, N'2025-06-16', NULL),
(459, 371, 8, N'Education', 2310.53, N'2025-12-22', NULL),
(460, 372, 9, N'Wellbeing', 162.5, N'2024-06-22', NULL),
(461, 373, 6, N'Transport', 4.01, N'2023-11-02', NULL),
(462, 374, 4, N'Operations', 1282.52, N'2023-03-08', NULL),
(463, 374, 5, N'Education', 1282.52, N'2023-03-08', NULL),
(464, 375, 5, N'Wellbeing', 125.0, N'2024-01-02', NULL),
(465, 375, 9, N'Outreach', 81.25, N'2024-01-02', NULL),
(466, 376, 4, N'Transport', 362.04, N'2025-04-07', NULL),
(467, 376, 1, N'Education', 362.04, N'2025-04-07', NULL),
(468, 377, 9, N'Outreach', 5.05, N'2024-08-28', NULL),
(469, 377, 3, N'Transport', 7.76, N'2024-08-28', NULL),
(470, 378, 5, N'Education', 568.31, N'2024-06-08', NULL),
(471, 378, 3, N'Education', 568.31, N'2024-06-08', NULL),
(472, 379, 3, N'Education', 250.0, N'2023-02-22', NULL),
(473, 380, 1, N'Transport', 1399.62, N'2024-12-13', NULL),
(474, 381, 5, N'Transport', 538.65, N'2023-07-14', NULL),
(475, 382, 4, N'Operations', 748.26, N'2024-11-25', NULL),
(476, 383, 2, N'Outreach', 1510.6, N'2025-07-08', NULL),
(477, 384, 7, N'Maintenance', 1878.65, N'2025-10-08', NULL),
(478, 385, 8, N'Operations', 519.42, N'2023-06-02', NULL),
(479, 386, 5, N'Operations', 642.58, N'2026-02-11', NULL),
(480, 387, 9, N'Operations', 351.86, N'2024-08-04', NULL),
(481, 388, 5, N'Outreach', 511.42, N'2023-10-15', NULL),
(482, 389, 6, N'Operations', 300.0, N'2023-11-05', NULL),
(483, 390, 7, N'Outreach', 180.99, N'2025-02-04', NULL),
(484, 390, 4, N'Operations', 180.99, N'2025-02-04', NULL),
(485, 391, 9, N'Education', 0.81, N'2025-03-19', NULL),
(486, 391, 4, N'Outreach', 1.25, N'2025-03-19', NULL),
(487, 392, 4, N'Transport', 19.7, N'2023-10-31', NULL),
(488, 392, 9, N'Wellbeing', 12.8, N'2023-10-31', NULL),
(489, 393, 9, N'Outreach', 195.0, N'2023-12-13', NULL),
(490, 394, 9, N'Outreach', 755.41, N'2025-11-18', NULL),
(491, 395, 2, N'Wellbeing', 1078.99, N'2025-10-27', NULL),
(492, 396, 5, N'Wellbeing', 39.15, N'2023-07-25', NULL),
(493, 397, 8, N'Education', 583.43, N'2023-10-11', NULL),
(494, 398, 5, N'Operations', 280.87, N'2024-04-30', NULL),
(495, 399, 3, N'Maintenance', 972.26, N'2024-09-23', NULL),
(496, 400, 9, N'Operations', 246.51, N'2026-01-20', NULL),
(497, 401, 1, N'Maintenance', 3.63, N'2024-08-26', NULL),
(498, 402, 2, N'Education', 382.94, N'2023-12-19', NULL),
(499, 403, 7, N'Maintenance', 291.03, N'2025-07-04', NULL),
(500, 404, 3, N'Education', 835.01, N'2025-05-29', NULL);
  INSERT INTO dbo.[donation_allocations] ([allocation_id], [donation_id], [safehouse_id], [program_area], [amount_allocated], [allocation_date], [allocation_notes]) VALUES
(501, 405, 5, N'Wellbeing', 3.54, N'2023-08-15', NULL),
(502, 405, 4, N'Operations', 3.54, N'2023-08-15', NULL),
(503, 406, 4, N'Education', 10.29, N'2024-11-06', NULL),
(504, 406, 5, N'Outreach', 10.29, N'2024-11-06', NULL),
(505, 407, 4, N'Transport', 250.0, N'2024-01-17', NULL),
(506, 408, 7, N'Wellbeing', 597.03, N'2023-12-05', NULL),
(507, 408, 3, N'Maintenance', 597.03, N'2023-12-05', NULL),
(508, 409, 9, N'Operations', 453.66, N'2025-01-12', NULL),
(509, 410, 9, N'Transport', 310.74, N'2023-08-18', NULL),
(510, 411, 7, N'Operations', 4.61, N'2023-12-01', NULL),
(511, 412, 7, N'Wellbeing', 16.45, N'2026-01-12', NULL),
(512, 412, 5, N'Operations', 16.45, N'2026-01-12', NULL),
(513, 413, 4, N'Maintenance', 469.23, N'2025-11-27', NULL),
(514, 414, 3, N'Wellbeing', 420.23, N'2024-10-14', NULL),
(515, 415, 5, N'Wellbeing', 10.8, N'2026-01-13', NULL),
(516, 416, 9, N'Education', 728.7, N'2023-02-03', NULL),
(517, 417, 6, N'Maintenance', 349.66, N'2023-01-13', NULL),
(518, 418, 3, N'Outreach', 1924.57, N'2025-03-08', NULL),
(519, 419, 9, N'Operations', 440.59, N'2024-10-29', NULL),
(520, 420, 7, N'Maintenance', 150.0, N'2025-12-09', NULL),
(521, 420, 7, N'Transport', 150.0, N'2025-12-09', NULL);
  IF EXISTS (SELECT 1 FROM sys.identity_columns WHERE object_id = OBJECT_ID(N'dbo.donation_allocations')) EXEC('SET IDENTITY_INSERT dbo.donation_allocations OFF');
END

